,0
2945,bamya
2180,asturiana
2821,baklavah
3078,barbaresco
2497,azad
2568,babby
1802,arnold
2060,asmooth
2445,avokado
1807,aromas
1752,aribatta
1684,arbor
3099,barbine
1436,antimo
1951,artochoke
1828,aroung
2694,bagetal
2216,athick
1961,arucola
1580,applewoo
2992,bangan
3208,based
1714,aregano
2789,bakailoa
2999,bangladesh
1652,aragula
2783,baji
1397,annin
2099,asperge
2501,azados
2888,balognese
1610,aq
1406,anri
2766,bainghan
2899,balsamico
2772,baisin
3157,barney
2008,ascuita
2063,asopa
1247,andouillette
1467,anutter
2277,aubrac
2534,babaganogh
2537,babaganouch
748,alentejo
2643,baconbits
1908,arte
1781,armenville
2089,aspargua
894,almondina
