"","from","to"
"1","04gDigrS5kc9YWfZHwBETP","5Pwc4xIPtQLFEnJriah9YJ"
"2","04gDigrS5kc9YWfZHwBETP","0du5cEVh5yTK9QJze8zA0C"
"3","04gDigrS5kc9YWfZHwBETP","6jJ0s89eD6GaHleKKya26X"
"4","04gDigrS5kc9YWfZHwBETP","5pKCCKE2ajJHZ9KAiaK11H"
"5","04gDigrS5kc9YWfZHwBETP","3AQRLZ9PuTAozP28Skbq8V"
"6","04gDigrS5kc9YWfZHwBETP","1KCSPY1glIKqW2TotWuXOR"
"7","04gDigrS5kc9YWfZHwBETP","31TPClRtHm23RisEBtV3X7"
"8","04gDigrS5kc9YWfZHwBETP","4dpARuHxo51G3z768sgnrY"
"9","04gDigrS5kc9YWfZHwBETP","3FUY2gzHeIiaesXtOAdB7A"
"10","04gDigrS5kc9YWfZHwBETP","1yxSLGMDHlW21z4YXirZDS"
"11","04gDigrS5kc9YWfZHwBETP","2gsggkzM5R49q6jpPvazou"
"12","04gDigrS5kc9YWfZHwBETP","3whuHq0yGx60atvA2RCVRW"
"13","04gDigrS5kc9YWfZHwBETP","06HL4z0CvFAxyc27GXpf02"
"14","04gDigrS5kc9YWfZHwBETP","3BmGtnKgCSGYIUhmivXKWX"
"15","04gDigrS5kc9YWfZHwBETP","5MmVJVhhYKQ86izuGHzJYA"
"16","04gDigrS5kc9YWfZHwBETP","1uNFoZAHBGtllmzznpCI3s"
"17","04gDigrS5kc9YWfZHwBETP","4yiQZ8tQPux8cPriYMWUFP"
"18","04gDigrS5kc9YWfZHwBETP","6prmLEyn4LfHlD9NnXWlf7"
"19","04gDigrS5kc9YWfZHwBETP","7KMqksf0UMdyA0UCf4R3ux"
"20","04gDigrS5kc9YWfZHwBETP","6sFIWsNpZYqfjUpaCgueju"
"21","2YZyLoL8N0Wb9xBt1NhZWg","5IcR3N7QB1j6KBL8eImZ8m"
"22","2YZyLoL8N0Wb9xBt1NhZWg","0g9vAlRPK9Gt3FKCekk4TW"
"23","2YZyLoL8N0Wb9xBt1NhZWg","6l3HvQ5sa6mXTsMTB19rO5"
"24","2YZyLoL8N0Wb9xBt1NhZWg","13ubrt8QOOCPljQ2FL1Kca"
"25","2YZyLoL8N0Wb9xBt1NhZWg","28ExwzUQsvgJooOI0X1mr3"
"26","2YZyLoL8N0Wb9xBt1NhZWg","3s8alQfNnY0roAHaJh7Xxt"
"27","2YZyLoL8N0Wb9xBt1NhZWg","4V8LLVI7PbaPR0K2TGSxFF"
"28","2YZyLoL8N0Wb9xBt1NhZWg","3A5tHz1SfngyOZM2gItYKu"
"29","2YZyLoL8N0Wb9xBt1NhZWg","0c173mlxpT3dSFRgMO8XPh"
"30","2YZyLoL8N0Wb9xBt1NhZWg","6X8WdFjrNhXATMDSs26aCc"
"31","2YZyLoL8N0Wb9xBt1NhZWg","0ONHkAv9pCAFxb0zJwDNTy"
"32","2YZyLoL8N0Wb9xBt1NhZWg","5LHRHt1k9lMyONurDHEdrp"
"33","2YZyLoL8N0Wb9xBt1NhZWg","4LLpKhyESsyAXpc4laK94U"
"34","2YZyLoL8N0Wb9xBt1NhZWg","67nwj3Y5sZQLl72VNUHEYE"
"35","2YZyLoL8N0Wb9xBt1NhZWg","73sIBHcqh3Z3NyqHKZ7FOL"
"36","2YZyLoL8N0Wb9xBt1NhZWg","5K4W6rqBFWDnAN6FQUkS6x"
"37","2YZyLoL8N0Wb9xBt1NhZWg","3TVXtAsR1Inumwj472S9r4"
"38","2YZyLoL8N0Wb9xBt1NhZWg","0CKa42Jqrc9fSFbDjePaXP"
"39","2YZyLoL8N0Wb9xBt1NhZWg","0uFc6StTmJBvdHPZFDkdJy"
"40","2YZyLoL8N0Wb9xBt1NhZWg","137W8MRPWKqSmrBGDBFSop"
"41","1Xyo4u8uXC1ZmMpatF05PJ","2h93pZq0e7k5yf4dywlkpM"
"42","1Xyo4u8uXC1ZmMpatF05PJ","3TVXtAsR1Inumwj472S9r4"
"43","1Xyo4u8uXC1ZmMpatF05PJ","5K4W6rqBFWDnAN6FQUkS6x"
"44","1Xyo4u8uXC1ZmMpatF05PJ","360IAlyVv4PCEVjgyMZrxK"
"45","1Xyo4u8uXC1ZmMpatF05PJ","73sIBHcqh3Z3NyqHKZ7FOL"
"46","1Xyo4u8uXC1ZmMpatF05PJ","13ubrt8QOOCPljQ2FL1Kca"
"47","1Xyo4u8uXC1ZmMpatF05PJ","3KV3p5EY4AvKxOlhGHORLg"
"48","1Xyo4u8uXC1ZmMpatF05PJ","1W3FSF1BLpY3hlVIgvenLz"
"49","1Xyo4u8uXC1ZmMpatF05PJ","67nwj3Y5sZQLl72VNUHEYE"
"50","1Xyo4u8uXC1ZmMpatF05PJ","53KwLdlmrlCelAZMaLVZqU"
"51","1Xyo4u8uXC1ZmMpatF05PJ","0c173mlxpT3dSFRgMO8XPh"
"52","1Xyo4u8uXC1ZmMpatF05PJ","7bXgB6jMjp9ATFy66eO08Z"
"53","1Xyo4u8uXC1ZmMpatF05PJ","5ZS223C6JyBfXasXxrRqOk"
"54","1Xyo4u8uXC1ZmMpatF05PJ","6l3HvQ5sa6mXTsMTB19rO5"
"55","1Xyo4u8uXC1ZmMpatF05PJ","4V8LLVI7PbaPR0K2TGSxFF"
"56","1Xyo4u8uXC1ZmMpatF05PJ","2KsP6tYLJlTBvSUxnwlVWa"
"57","1Xyo4u8uXC1ZmMpatF05PJ","2YZyLoL8N0Wb9xBt1NhZWg"
"58","1Xyo4u8uXC1ZmMpatF05PJ","2iojnBLj0qIMiKPvVhLnsH"
"59","1Xyo4u8uXC1ZmMpatF05PJ","4EMtGVFvfCSrEmWaGV0roE"
"60","1Xyo4u8uXC1ZmMpatF05PJ","0fA0VVWsXO9YnASrzqfmYu"
"61","4tZwfgrHOc3mvqYlEYSvVi","1gR0gsQYfi6joyO1dlp76N"
"62","4tZwfgrHOc3mvqYlEYSvVi","1GhPHrq36VKCY3ucVaZCfo"
"63","4tZwfgrHOc3mvqYlEYSvVi","4YrKBkKSVeqDamzBPWVnSJ"
"64","4tZwfgrHOc3mvqYlEYSvVi","0UF7XLthtbSF2Eur7559oV"
"65","4tZwfgrHOc3mvqYlEYSvVi","4M84umUNRbZy1mJleyyRM9"
"66","4tZwfgrHOc3mvqYlEYSvVi","7CajNmpbOovFoOoasH2HaY"
"67","4tZwfgrHOc3mvqYlEYSvVi","2fBURuq7FrlH6z5F92mpOl"
"68","4tZwfgrHOc3mvqYlEYSvVi","1Cs0zKBU1kc0i8ypK3B9ai"
"69","4tZwfgrHOc3mvqYlEYSvVi","2squZ8HjM4AzR0j6jsPn4a"
"70","4tZwfgrHOc3mvqYlEYSvVi","0b9ukmbg0MO5eMlorcgOwz"
"71","4tZwfgrHOc3mvqYlEYSvVi","3AA28KZvwAUcZuOKwyblJQ"
"72","4tZwfgrHOc3mvqYlEYSvVi","5YjEVrNMrIRw2xGbjTN6Ti"
"73","4tZwfgrHOc3mvqYlEYSvVi","43mWhBXSflupNLuNjM5vff"
"74","4tZwfgrHOc3mvqYlEYSvVi","2CIMQHirSU0MQqyYHq0eOx"
"75","4tZwfgrHOc3mvqYlEYSvVi","3OsRAKCvk37zwYcnzRf5XF"
"76","4tZwfgrHOc3mvqYlEYSvVi","0QJKELJZZuLAjqLOOixJm5"
"77","4tZwfgrHOc3mvqYlEYSvVi","4Y7tXHSEejGu1vQ9bwDdXW"
"78","4tZwfgrHOc3mvqYlEYSvVi","5nPOO9iTcrs9k6yFffPxjH"
"79","4tZwfgrHOc3mvqYlEYSvVi","4k1ELeJKT1ISyDv8JivPpB"
"80","4tZwfgrHOc3mvqYlEYSvVi","19rgRqYVP3LJf9tGmMWLjP"
"81","69GGBxA162lTqCwzJG5jLp","1HxJeLhIuegM3KgvPn8sTa"
"82","69GGBxA162lTqCwzJG5jLp","540vIaP2JwjQb9dm3aArA4"
"83","69GGBxA162lTqCwzJG5jLp","1HBjj22wzbscIZ9sEb5dyf"
"84","69GGBxA162lTqCwzJG5jLp","7DMveApC7UnC2NPfPvlHSU"
"85","69GGBxA162lTqCwzJG5jLp","5fMUXHkw8R8eOP2RNVYEZX"
"86","69GGBxA162lTqCwzJG5jLp","2qxJFvFYMEDqd7ui6kSAcq"
"87","69GGBxA162lTqCwzJG5jLp","4sTQVOfp9vEMCemLw50sbu"
"88","69GGBxA162lTqCwzJG5jLp","1vCWHaC5f2uS3yhpwWbIA6"
"89","69GGBxA162lTqCwzJG5jLp","4AVFqumd2ogHFlRbKIjp1t"
"90","69GGBxA162lTqCwzJG5jLp","738wLrAtLtCtFOLvQBXOXp"
"91","69GGBxA162lTqCwzJG5jLp","7vk5e3vY1uw9plTHJAMwjN"
"92","69GGBxA162lTqCwzJG5jLp","4YXycRbyyAE0wozTk7QMEq"
"93","69GGBxA162lTqCwzJG5jLp","6Dd3NScHWwnW6obMFbl1BH"
"94","69GGBxA162lTqCwzJG5jLp","2KsP6tYLJlTBvSUxnwlVWa"
"95","69GGBxA162lTqCwzJG5jLp","23fqKkggKUBHNkbKtXEls4"
"96","69GGBxA162lTqCwzJG5jLp","7CajNmpbOovFoOoasH2HaY"
"97","69GGBxA162lTqCwzJG5jLp","64M6ah0SkkRsnPGtGiRAbb"
"98","69GGBxA162lTqCwzJG5jLp","77AiFEVeAVj2ORpC85QVJs"
"99","69GGBxA162lTqCwzJG5jLp","60d24wfXkVzDSfLS6hyCjZ"
"100","69GGBxA162lTqCwzJG5jLp","2XnBwblw31dfGnspMIwgWz"
"101","4N874uPqBka1QiCvnCVOtr","2MuFzH1J5I6gGFYo2qhZmX"
"102","4N874uPqBka1QiCvnCVOtr","1dSRKlg9rzvs63rhT8Sbpp"
"103","4N874uPqBka1QiCvnCVOtr","2PgOtERwe37cW1U9z7zAHb"
"104","4N874uPqBka1QiCvnCVOtr","3LjhVl7GzYsza1biQjTpaN"
"105","4N874uPqBka1QiCvnCVOtr","4c4aEmXU6Hx95REbIZ3S82"
"106","4N874uPqBka1QiCvnCVOtr","4uethVhVpoyO3OhT40JH1o"
"107","4N874uPqBka1QiCvnCVOtr","6V0UIhxibbgh9q9eYKImW7"
"108","4N874uPqBka1QiCvnCVOtr","1Fr6agZ6iSM5Ynn2k4C8sc"
"109","4N874uPqBka1QiCvnCVOtr","0PGB0xsAyDqHHlvNQcgq5S"
"110","4N874uPqBka1QiCvnCVOtr","5QSx2vpiSchSeCwc0qmfNI"
"111","4N874uPqBka1QiCvnCVOtr","100sLnojEpcadRx4edEBA6"
"112","4N874uPqBka1QiCvnCVOtr","50JJSqHUf2RQ9xsHs0KMHg"
"113","4N874uPqBka1QiCvnCVOtr","5JZ7uSAWAzTHHVBICdtAc6"
"114","4N874uPqBka1QiCvnCVOtr","4ZqeEuvKpLniPp2LqyfzPl"
"115","4N874uPqBka1QiCvnCVOtr","02rM7tEviVltZ0PsuB3Rlp"
"116","4N874uPqBka1QiCvnCVOtr","5X1JzPIIonP3u9lA580pPT"
"117","4N874uPqBka1QiCvnCVOtr","3q9nybxzbSHsesDBHUlP4c"
"118","4N874uPqBka1QiCvnCVOtr","49tQo2QULno7gxHutgccqF"
"119","4N874uPqBka1QiCvnCVOtr","1xHQO9GJIW9OXHxGBISYc5"
"120","4N874uPqBka1QiCvnCVOtr","5qa31A9HySw3T7MKWI9bGg"
"121","5WUlDfRSoLAfcVSX1WnrxN","0X2BH1fck6amBIoJhDVmmJ"
"122","5WUlDfRSoLAfcVSX1WnrxN","4dpARuHxo51G3z768sgnrY"
"123","5WUlDfRSoLAfcVSX1WnrxN","00FQb4jTyendYWaN8pK0wa"
"124","5WUlDfRSoLAfcVSX1WnrxN","08j69Ndyx1P7RLO3Janb5P"
"125","5WUlDfRSoLAfcVSX1WnrxN","3hv9jJF3adDNsBSIQDqcjp"
"126","5WUlDfRSoLAfcVSX1WnrxN","6CwfuxIqcltXDGjfZsMd9A"
"127","5WUlDfRSoLAfcVSX1WnrxN","1moxjboGR7GNWYIMWsRjgG"
"128","5WUlDfRSoLAfcVSX1WnrxN","6sFIWsNpZYqfjUpaCgueju"
"129","5WUlDfRSoLAfcVSX1WnrxN","2gsggkzM5R49q6jpPvazou"
"130","5WUlDfRSoLAfcVSX1WnrxN","4fwuXg6XQHfdlOdmw36OHa"
"131","5WUlDfRSoLAfcVSX1WnrxN","13saZpZnCDWOI9D4IJhp1f"
"132","5WUlDfRSoLAfcVSX1WnrxN","6oBm8HB0yfrIc9IHbxs6in"
"133","5WUlDfRSoLAfcVSX1WnrxN","6jJ0s89eD6GaHleKKya26X"
"134","5WUlDfRSoLAfcVSX1WnrxN","6Xb4ezwoAQC4516kI89nWz"
"135","5WUlDfRSoLAfcVSX1WnrxN","25uiPmTg16RbhZWAqwLBy5"
"136","5WUlDfRSoLAfcVSX1WnrxN","5MmVJVhhYKQ86izuGHzJYA"
"137","5WUlDfRSoLAfcVSX1WnrxN","7w29UYBi0qsHi5RTcv3lmA"
"138","5WUlDfRSoLAfcVSX1WnrxN","2mpeljBig2IXLXRAFO9AAs"
"139","5WUlDfRSoLAfcVSX1WnrxN","4v4xuH9VypORYabMnhPLt1"
"140","5WUlDfRSoLAfcVSX1WnrxN","6eUKZXaKkcviH0Ku9w2n3V"
"161","540vIaP2JwjQb9dm3aArA4","1HxJeLhIuegM3KgvPn8sTa"
"162","540vIaP2JwjQb9dm3aArA4","69GGBxA162lTqCwzJG5jLp"
"163","540vIaP2JwjQb9dm3aArA4","738wLrAtLtCtFOLvQBXOXp"
"164","540vIaP2JwjQb9dm3aArA4","1vCWHaC5f2uS3yhpwWbIA6"
"165","540vIaP2JwjQb9dm3aArA4","5fMUXHkw8R8eOP2RNVYEZX"
"166","540vIaP2JwjQb9dm3aArA4","4AVFqumd2ogHFlRbKIjp1t"
"167","540vIaP2JwjQb9dm3aArA4","4D75GcNG95ebPtNvoNVXhz"
"168","540vIaP2JwjQb9dm3aArA4","7CajNmpbOovFoOoasH2HaY"
"169","540vIaP2JwjQb9dm3aArA4","4sTQVOfp9vEMCemLw50sbu"
"170","540vIaP2JwjQb9dm3aArA4","5R3Hr2cnCCjt220Jmt2xLf"
"171","540vIaP2JwjQb9dm3aArA4","23fqKkggKUBHNkbKtXEls4"
"172","540vIaP2JwjQb9dm3aArA4","2qxJFvFYMEDqd7ui6kSAcq"
"173","540vIaP2JwjQb9dm3aArA4","46GXASE9LHzyssNqKOInUu"
"174","540vIaP2JwjQb9dm3aArA4","2o5jDhtHVPhrJdv3cEQ99Z"
"175","540vIaP2JwjQb9dm3aArA4","1HBjj22wzbscIZ9sEb5dyf"
"176","540vIaP2JwjQb9dm3aArA4","77AiFEVeAVj2ORpC85QVJs"
"177","540vIaP2JwjQb9dm3aArA4","1bj5GrcLom5gZFF5t949Xl"
"178","540vIaP2JwjQb9dm3aArA4","5MouCg6ta7zAxsfMEbc1uh"
"179","540vIaP2JwjQb9dm3aArA4","2XnBwblw31dfGnspMIwgWz"
"180","540vIaP2JwjQb9dm3aArA4","1Cs0zKBU1kc0i8ypK3B9ai"
"181","1uNFoZAHBGtllmzznpCI3s","0C8ZW7ezQVs4URX5aX7Kqx"
"182","1uNFoZAHBGtllmzznpCI3s","6S2OmqARrzebs0tKUEyXyp"
"183","1uNFoZAHBGtllmzznpCI3s","66CXWjxzNUsdJxJ2JdwvnR"
"184","1uNFoZAHBGtllmzznpCI3s","5pKCCKE2ajJHZ9KAiaK11H"
"185","1uNFoZAHBGtllmzznpCI3s","07YZf4WDAMNwqr4jfgOZ8y"
"186","1uNFoZAHBGtllmzznpCI3s","5YGY8feqx7naU7z4HrwZM6"
"187","1uNFoZAHBGtllmzznpCI3s","4AK6F7OLvEQ5QYCBNiQWHq"
"188","1uNFoZAHBGtllmzznpCI3s","4Rxn7Im3LGfyRkY2FlHhWi"
"189","1uNFoZAHBGtllmzznpCI3s","6jJ0s89eD6GaHleKKya26X"
"190","1uNFoZAHBGtllmzznpCI3s","0hCNtLu0JehylgoiP8L4Gh"
"191","1uNFoZAHBGtllmzznpCI3s","79Xp2rRN7wdsaTJgttdX3K"
"192","1uNFoZAHBGtllmzznpCI3s","6sFIWsNpZYqfjUpaCgueju"
"193","1uNFoZAHBGtllmzznpCI3s","06HL4z0CvFAxyc27GXpf02"
"194","1uNFoZAHBGtllmzznpCI3s","31TPClRtHm23RisEBtV3X7"
"195","1uNFoZAHBGtllmzznpCI3s","40xbWSB4JPdOkRyuTDy1oP"
"196","1uNFoZAHBGtllmzznpCI3s","2gsggkzM5R49q6jpPvazou"
"197","1uNFoZAHBGtllmzznpCI3s","6vWDO969PvNqNYHIOW5v0m"
"198","1uNFoZAHBGtllmzznpCI3s","2AQjGvtT0pFYfxR3neFcvz"
"199","1uNFoZAHBGtllmzznpCI3s","7nU4hB040gTmHm45YYMvqc"
"200","1uNFoZAHBGtllmzznpCI3s","0du5cEVh5yTK9QJze8zA0C"
"201","7CajNmpbOovFoOoasH2HaY","1vCWHaC5f2uS3yhpwWbIA6"
"202","7CajNmpbOovFoOoasH2HaY","1Cs0zKBU1kc0i8ypK3B9ai"
"203","7CajNmpbOovFoOoasH2HaY","2qxJFvFYMEDqd7ui6kSAcq"
"204","7CajNmpbOovFoOoasH2HaY","4AVFqumd2ogHFlRbKIjp1t"
"205","7CajNmpbOovFoOoasH2HaY","2o5jDhtHVPhrJdv3cEQ99Z"
"206","7CajNmpbOovFoOoasH2HaY","1h6Cn3P4NGzXbaXidqURXs"
"207","7CajNmpbOovFoOoasH2HaY","1bj5GrcLom5gZFF5t949Xl"
"208","7CajNmpbOovFoOoasH2HaY","77AiFEVeAVj2ORpC85QVJs"
"209","7CajNmpbOovFoOoasH2HaY","2CIMQHirSU0MQqyYHq0eOx"
"210","7CajNmpbOovFoOoasH2HaY","738wLrAtLtCtFOLvQBXOXp"
"211","7CajNmpbOovFoOoasH2HaY","4D75GcNG95ebPtNvoNVXhz"
"212","7CajNmpbOovFoOoasH2HaY","4pb4rqWSoGUgxm63xmJ8xc"
"213","7CajNmpbOovFoOoasH2HaY","0X2BH1fck6amBIoJhDVmmJ"
"214","7CajNmpbOovFoOoasH2HaY","6Vh6UDWfu9PUSXSzAaB3CW"
"215","7CajNmpbOovFoOoasH2HaY","3hv9jJF3adDNsBSIQDqcjp"
"216","7CajNmpbOovFoOoasH2HaY","5he5w2lnU9x7JFhnwcekXX"
"217","7CajNmpbOovFoOoasH2HaY","4Ws2otunReOa6BbwxxpCt6"
"218","7CajNmpbOovFoOoasH2HaY","4tZwfgrHOc3mvqYlEYSvVi"
"219","7CajNmpbOovFoOoasH2HaY","31DXlldabwPHwu6dYevuzK"
"220","7CajNmpbOovFoOoasH2HaY","5ChF3i92IPZHduM7jN3dpg"
"241","26VFTg2z8YR0cCuwLzESi2","63yrD80RY3RNEM2YDpUpO8"
"242","26VFTg2z8YR0cCuwLzESi2","3WGpXCj9YhhfX11TToZcXP"
"243","26VFTg2z8YR0cCuwLzESi2","3LjhVl7GzYsza1biQjTpaN"
"244","26VFTg2z8YR0cCuwLzESi2","2wUjUUtkb5lvLKcGKsKqsR"
"245","26VFTg2z8YR0cCuwLzESi2","3YQKmKGau1PzlVlkL1iodx"
"246","26VFTg2z8YR0cCuwLzESi2","3bhu7P5PfngueRHiB9hjcx"
"247","26VFTg2z8YR0cCuwLzESi2","5QSx2vpiSchSeCwc0qmfNI"
"248","26VFTg2z8YR0cCuwLzESi2","3NPpFNZtSTHheNBaWC82rB"
"249","26VFTg2z8YR0cCuwLzESi2","2MuFzH1J5I6gGFYo2qhZmX"
"250","26VFTg2z8YR0cCuwLzESi2","5p7f24Rk5HkUZsaS3BLG5F"
"251","26VFTg2z8YR0cCuwLzESi2","6Dd3NScHWwnW6obMFbl1BH"
"252","26VFTg2z8YR0cCuwLzESi2","100sLnojEpcadRx4edEBA6"
"253","26VFTg2z8YR0cCuwLzESi2","50JJSqHUf2RQ9xsHs0KMHg"
"254","26VFTg2z8YR0cCuwLzESi2","5ZsFI1h6hIdQRw2ti0hz81"
"255","26VFTg2z8YR0cCuwLzESi2","64M6ah0SkkRsnPGtGiRAbb"
"256","26VFTg2z8YR0cCuwLzESi2","4N874uPqBka1QiCvnCVOtr"
"257","26VFTg2z8YR0cCuwLzESi2","4qWnlmXWuGv2TtuxtIWlJX"
"258","26VFTg2z8YR0cCuwLzESi2","1KP6TWI40m7p3QBTU6u2xo"
"259","26VFTg2z8YR0cCuwLzESi2","3iri9nBFs9e4wN7PLIetAw"
"260","26VFTg2z8YR0cCuwLzESi2","3q9nybxzbSHsesDBHUlP4c"
"261","66CXWjxzNUsdJxJ2JdwvnR","0C8ZW7ezQVs4URX5aX7Kqx"
"262","66CXWjxzNUsdJxJ2JdwvnR","6S2OmqARrzebs0tKUEyXyp"
"263","66CXWjxzNUsdJxJ2JdwvnR","4Rxn7Im3LGfyRkY2FlHhWi"
"264","66CXWjxzNUsdJxJ2JdwvnR","1uNFoZAHBGtllmzznpCI3s"
"265","66CXWjxzNUsdJxJ2JdwvnR","6sCbFbEjbYepqswM1vWjjs"
"266","66CXWjxzNUsdJxJ2JdwvnR","4VhL8KLjVso4vLfOLVViTb"
"267","66CXWjxzNUsdJxJ2JdwvnR","6JL8zeS1NmiOftqZTRgdTz"
"268","66CXWjxzNUsdJxJ2JdwvnR","2OTfr6S2kuHRYStjt1IkY6"
"269","66CXWjxzNUsdJxJ2JdwvnR","5YGY8feqx7naU7z4HrwZM6"
"270","66CXWjxzNUsdJxJ2JdwvnR","79Xp2rRN7wdsaTJgttdX3K"
"271","66CXWjxzNUsdJxJ2JdwvnR","4obzFoKoKRHIphyHzJ35G3"
"272","66CXWjxzNUsdJxJ2JdwvnR","1l8Fu6IkuTP0U5QetQJ5Xt"
"273","66CXWjxzNUsdJxJ2JdwvnR","4AK6F7OLvEQ5QYCBNiQWHq"
"274","66CXWjxzNUsdJxJ2JdwvnR","6sFIWsNpZYqfjUpaCgueju"
"275","66CXWjxzNUsdJxJ2JdwvnR","2S9W9aSAd7e5mp8WqWxN2h"
"276","66CXWjxzNUsdJxJ2JdwvnR","1KYszkVzlhV3rAqmAcYIgd"
"277","66CXWjxzNUsdJxJ2JdwvnR","2gsggkzM5R49q6jpPvazou"
"278","66CXWjxzNUsdJxJ2JdwvnR","3e7awlrlDSwF3iM0WBjGMp"
"279","66CXWjxzNUsdJxJ2JdwvnR","04abdnqPQe2N4fjztDea6z"
"280","66CXWjxzNUsdJxJ2JdwvnR","06HL4z0CvFAxyc27GXpf02"
"281","0hCNtLu0JehylgoiP8L4Gh","6vWDO969PvNqNYHIOW5v0m"
"282","0hCNtLu0JehylgoiP8L4Gh","5qK5bOC6wLtuLhG5KvU17c"
"283","0hCNtLu0JehylgoiP8L4Gh","5pKCCKE2ajJHZ9KAiaK11H"
"284","0hCNtLu0JehylgoiP8L4Gh","3r17AfJCCUqC9Lf0OAc73G"
"285","0hCNtLu0JehylgoiP8L4Gh","7bXgB6jMjp9ATFy66eO08Z"
"286","0hCNtLu0JehylgoiP8L4Gh","40xbWSB4JPdOkRyuTDy1oP"
"287","0hCNtLu0JehylgoiP8L4Gh","1uNFoZAHBGtllmzznpCI3s"
"288","0hCNtLu0JehylgoiP8L4Gh","2NdeV5rLm47xAvogXrYhJX"
"289","0hCNtLu0JehylgoiP8L4Gh","2DlGxzQSjYe5N6G9nkYghR"
"290","0hCNtLu0JehylgoiP8L4Gh","6LqNN22kT3074XbTVUrhzX"
"291","0hCNtLu0JehylgoiP8L4Gh","1HY2Jd0NmPuamShAr6KMms"
"292","0hCNtLu0JehylgoiP8L4Gh","4yiQZ8tQPux8cPriYMWUFP"
"293","0hCNtLu0JehylgoiP8L4Gh","63wjoROpeh5f11Qm93UiJ1"
"294","0hCNtLu0JehylgoiP8L4Gh","31TPClRtHm23RisEBtV3X7"
"295","0hCNtLu0JehylgoiP8L4Gh","07YZf4WDAMNwqr4jfgOZ8y"
"296","0hCNtLu0JehylgoiP8L4Gh","2gsggkzM5R49q6jpPvazou"
"297","0hCNtLu0JehylgoiP8L4Gh","5yG7ZAZafVaAlMTeBybKAL"
"298","0hCNtLu0JehylgoiP8L4Gh","0jnsk9HBra6NMjO2oANoPY"
"299","0hCNtLu0JehylgoiP8L4Gh","085pc2PYOi8bGKj0PNjekA"
"300","0hCNtLu0JehylgoiP8L4Gh","3AuMNF8rQAKOzjYppFNAoB"
"301","02A3cEvlLLCbIMVDrK2GHV","0u18Cq5stIQLUoIaULzDmA"
"302","02A3cEvlLLCbIMVDrK2GHV","4Xo7QqlxfIUEPYCLaLj6Sm"
"303","02A3cEvlLLCbIMVDrK2GHV","6J4zegMTYP4nGJSpSDvy49"
"304","02A3cEvlLLCbIMVDrK2GHV","7FU0xCgmSYQEiBeevUqQ4S"
"305","02A3cEvlLLCbIMVDrK2GHV","4EukMPjtYsdi87lkU1hIxN"
"306","02A3cEvlLLCbIMVDrK2GHV","7xEFii6utZmQ61kX59HmLH"
"307","02A3cEvlLLCbIMVDrK2GHV","58l4CfKVxJcp2tYu7Ux2up"
"308","02A3cEvlLLCbIMVDrK2GHV","76YIoWHp3Ri3q1ocOPtFzp"
"309","02A3cEvlLLCbIMVDrK2GHV","5QatamYwvUTOmMHW6WA0AG"
"310","02A3cEvlLLCbIMVDrK2GHV","61obUz4zvRh7LVuEkl9rqP"
"311","02A3cEvlLLCbIMVDrK2GHV","35RvGPQ1OxbEZknWyiaAcs"
"312","02A3cEvlLLCbIMVDrK2GHV","7hOGhpa8RMSuDOWntGIAJt"
"313","02A3cEvlLLCbIMVDrK2GHV","2PLMuRIKJKvwg3rOGr2MuK"
"314","02A3cEvlLLCbIMVDrK2GHV","3okpOKUI8vvwAYi4cDoXdZ"
"315","02A3cEvlLLCbIMVDrK2GHV","5QGcBQa4PteRSkTd8wmDyL"
"316","02A3cEvlLLCbIMVDrK2GHV","5bvwbAyrx6Yk8oLHqOnJ9p"
"317","02A3cEvlLLCbIMVDrK2GHV","6nBujjA6fus37LVZEqEULp"
"318","02A3cEvlLLCbIMVDrK2GHV","0FL2d6iFFNAV3yBUbXjZ1U"
"319","02A3cEvlLLCbIMVDrK2GHV","2SrWifjYv7b5tR8EzEmn1x"
"320","02A3cEvlLLCbIMVDrK2GHV","39R87tT1qaTxHwu5m87USa"
"321","33JQK4UoS2aMPYBfdB5Ftt","3Rr1Vx3lro8cxDD6OFnYkJ"
"322","33JQK4UoS2aMPYBfdB5Ftt","57Kse5pzj6Mlxhu7N6aNWr"
"323","33JQK4UoS2aMPYBfdB5Ftt","5tKDvCvvfbgN8TigQehqwf"
"324","33JQK4UoS2aMPYBfdB5Ftt","06ArYqAbmoKAgWvJDZeipI"
"325","33JQK4UoS2aMPYBfdB5Ftt","2vz513fFOvrrkuISQd1CYG"
"326","33JQK4UoS2aMPYBfdB5Ftt","52VqIv9iDcmGRrg9tzsEF0"
"327","33JQK4UoS2aMPYBfdB5Ftt","1x6LQIhMOYqlg9grmOrW9M"
"328","33JQK4UoS2aMPYBfdB5Ftt","2BL5N3HkIdIH1J4xBE6MiO"
"329","33JQK4UoS2aMPYBfdB5Ftt","2rlZQiLQWUKmjYZdmzHeOZ"
"330","33JQK4UoS2aMPYBfdB5Ftt","5rUKqNUwRwNLLIHDqC2cPF"
"331","33JQK4UoS2aMPYBfdB5Ftt","71Zl1t4XbaQAIltHmuHJHj"
"332","33JQK4UoS2aMPYBfdB5Ftt","1HjGTWC2ZQdoq3LmxNRb89"
"333","33JQK4UoS2aMPYBfdB5Ftt","24NChIiD2lm6bInkrmFlKv"
"334","33JQK4UoS2aMPYBfdB5Ftt","48yD9Dr2c0oDrz6LPPsSRj"
"335","33JQK4UoS2aMPYBfdB5Ftt","0diKnJkxOWbX0WN773duHu"
"336","33JQK4UoS2aMPYBfdB5Ftt","1u7OVFmWah4wQhOPIbUb8U"
"337","33JQK4UoS2aMPYBfdB5Ftt","6JBEkSOYAigzMcnjyZQAuk"
"338","33JQK4UoS2aMPYBfdB5Ftt","57e0DGtJpffSADqAJDytHV"
"339","33JQK4UoS2aMPYBfdB5Ftt","1CudlXhJi5eMxl97gXMq9I"
"340","33JQK4UoS2aMPYBfdB5Ftt","7dCKhFhiRHzxGWpsDdpzWA"
"341","60d24wfXkVzDSfLS6hyCjZ","2o5jDhtHVPhrJdv3cEQ99Z"
"342","60d24wfXkVzDSfLS6hyCjZ","6BrvowZBreEkXzJQMpL174"
"343","60d24wfXkVzDSfLS6hyCjZ","6VD4UEUPvtsemqD3mmTqCR"
"344","60d24wfXkVzDSfLS6hyCjZ","4D75GcNG95ebPtNvoNVXhz"
"345","60d24wfXkVzDSfLS6hyCjZ","73jBynjsVtofjRpdpRAJGk"
"346","60d24wfXkVzDSfLS6hyCjZ","5X4LWwbUFNzPkEas04uU82"
"347","60d24wfXkVzDSfLS6hyCjZ","5ChF3i92IPZHduM7jN3dpg"
"348","60d24wfXkVzDSfLS6hyCjZ","77AiFEVeAVj2ORpC85QVJs"
"349","60d24wfXkVzDSfLS6hyCjZ","4AVFqumd2ogHFlRbKIjp1t"
"350","60d24wfXkVzDSfLS6hyCjZ","1IELhvOMg5VQlU7syRm6CS"
"351","60d24wfXkVzDSfLS6hyCjZ","1l2ekx5skC4gJH8djERwh1"
"352","60d24wfXkVzDSfLS6hyCjZ","5fahUm8t5c0GIdeTq0ZaG8"
"353","60d24wfXkVzDSfLS6hyCjZ","4uiMn2g0pgTrhN096QJhbp"
"354","60d24wfXkVzDSfLS6hyCjZ","37awA8DFCAnCCL7aqYbDnD"
"355","60d24wfXkVzDSfLS6hyCjZ","6cEuCEZu7PAE9ZSzLLc2oQ"
"356","60d24wfXkVzDSfLS6hyCjZ","6hyMWrxGBsOx6sWcVj1DqP"
"357","60d24wfXkVzDSfLS6hyCjZ","2qxJFvFYMEDqd7ui6kSAcq"
"358","60d24wfXkVzDSfLS6hyCjZ","2XnBwblw31dfGnspMIwgWz"
"359","60d24wfXkVzDSfLS6hyCjZ","1vCWHaC5f2uS3yhpwWbIA6"
"360","60d24wfXkVzDSfLS6hyCjZ","4FqPRilb0Ja0TKG3RS3y4s"
"361","64M6ah0SkkRsnPGtGiRAbb","1peH5tSqnYm8W6Bo3I5egE"
"362","64M6ah0SkkRsnPGtGiRAbb","5p7f24Rk5HkUZsaS3BLG5F"
"363","64M6ah0SkkRsnPGtGiRAbb","0C8ZW7ezQVs4URX5aX7Kqx"
"364","64M6ah0SkkRsnPGtGiRAbb","4Rxn7Im3LGfyRkY2FlHhWi"
"365","64M6ah0SkkRsnPGtGiRAbb","1l8Fu6IkuTP0U5QetQJ5Xt"
"366","64M6ah0SkkRsnPGtGiRAbb","66CXWjxzNUsdJxJ2JdwvnR"
"367","64M6ah0SkkRsnPGtGiRAbb","2E19mfEFhCr6UgZUYJGOEW"
"368","64M6ah0SkkRsnPGtGiRAbb","1vSN1fsvrzpbttOYGsliDr"
"369","64M6ah0SkkRsnPGtGiRAbb","4NHQUGzhtTLFvgF5SZesLK"
"370","64M6ah0SkkRsnPGtGiRAbb","2wUjUUtkb5lvLKcGKsKqsR"
"371","64M6ah0SkkRsnPGtGiRAbb","6Dd3NScHWwnW6obMFbl1BH"
"372","64M6ah0SkkRsnPGtGiRAbb","1Xylc3o4UrD53lo9CvFvVg"
"373","64M6ah0SkkRsnPGtGiRAbb","1uNFoZAHBGtllmzznpCI3s"
"374","64M6ah0SkkRsnPGtGiRAbb","4ZEHm819BPEhaYNeC2LLeI"
"375","64M6ah0SkkRsnPGtGiRAbb","5WUlDfRSoLAfcVSX1WnrxN"
"376","64M6ah0SkkRsnPGtGiRAbb","6JL8zeS1NmiOftqZTRgdTz"
"377","64M6ah0SkkRsnPGtGiRAbb","0v2Y5jwtcv8LiWNTRls1KM"
"378","64M6ah0SkkRsnPGtGiRAbb","7n2wHs1TKAczGzO7Dd2rGr"
"379","64M6ah0SkkRsnPGtGiRAbb","69GGBxA162lTqCwzJG5jLp"
"380","64M6ah0SkkRsnPGtGiRAbb","6dC0rIJNLSFZwqckLgXJ8p"
"381","4IWBUUAFIplrNtaOHcJPRM","3whuHq0yGx60atvA2RCVRW"
"382","4IWBUUAFIplrNtaOHcJPRM","7sfgqEdoeBTjd8lQsPT3Cy"
"383","4IWBUUAFIplrNtaOHcJPRM","6eUKZXaKkcviH0Ku9w2n3V"
"384","4IWBUUAFIplrNtaOHcJPRM","2feDdbD5araYcm6JhFHHw7"
"385","4IWBUUAFIplrNtaOHcJPRM","7nDsS0l5ZAzMedVRKPP8F1"
"386","4IWBUUAFIplrNtaOHcJPRM","3QLPy7F0m9XgChp2Lk9B3N"
"387","4IWBUUAFIplrNtaOHcJPRM","5atItJPd0PaBNUZ1SPL2Cj"
"388","4IWBUUAFIplrNtaOHcJPRM","3e7awlrlDSwF3iM0WBjGMp"
"389","4IWBUUAFIplrNtaOHcJPRM","3AQRLZ9PuTAozP28Skbq8V"
"390","4IWBUUAFIplrNtaOHcJPRM","0X2BH1fck6amBIoJhDVmmJ"
"391","4IWBUUAFIplrNtaOHcJPRM","6mU8ucezzms5I2kNH6HNlu"
"392","4IWBUUAFIplrNtaOHcJPRM","2gsggkzM5R49q6jpPvazou"
"393","4IWBUUAFIplrNtaOHcJPRM","4AK6F7OLvEQ5QYCBNiQWHq"
"394","4IWBUUAFIplrNtaOHcJPRM","0CrCKxXekxMpkYfMEf8mca"
"395","4IWBUUAFIplrNtaOHcJPRM","1bT7m67vi78r2oqvxrP3X5"
"396","4IWBUUAFIplrNtaOHcJPRM","5o61gIxxfbohs0sm3B88d6"
"397","4IWBUUAFIplrNtaOHcJPRM","3906URNmNa1VCXEeiJ3DSH"
"398","4IWBUUAFIplrNtaOHcJPRM","4fwuXg6XQHfdlOdmw36OHa"
"399","4IWBUUAFIplrNtaOHcJPRM","0du5cEVh5yTK9QJze8zA0C"
"400","4IWBUUAFIplrNtaOHcJPRM","4Wmvrp8r9PgPSuOvHnDbfj"
"401","5p7f24Rk5HkUZsaS3BLG5F","2wUjUUtkb5lvLKcGKsKqsR"
"402","5p7f24Rk5HkUZsaS3BLG5F","0C8ZW7ezQVs4URX5aX7Kqx"
"403","5p7f24Rk5HkUZsaS3BLG5F","6Dd3NScHWwnW6obMFbl1BH"
"404","5p7f24Rk5HkUZsaS3BLG5F","6T5tfhQCknKG4UnH90qGnz"
"405","5p7f24Rk5HkUZsaS3BLG5F","7n2wHs1TKAczGzO7Dd2rGr"
"406","5p7f24Rk5HkUZsaS3BLG5F","6VuMaDnrHyPL1p4EHjYLi7"
"407","5p7f24Rk5HkUZsaS3BLG5F","1l8Fu6IkuTP0U5QetQJ5Xt"
"408","5p7f24Rk5HkUZsaS3BLG5F","4Rxn7Im3LGfyRkY2FlHhWi"
"409","5p7f24Rk5HkUZsaS3BLG5F","5ZsFI1h6hIdQRw2ti0hz81"
"410","5p7f24Rk5HkUZsaS3BLG5F","1uNFoZAHBGtllmzznpCI3s"
"411","5p7f24Rk5HkUZsaS3BLG5F","1vSN1fsvrzpbttOYGsliDr"
"412","5p7f24Rk5HkUZsaS3BLG5F","66CXWjxzNUsdJxJ2JdwvnR"
"413","5p7f24Rk5HkUZsaS3BLG5F","1Xylc3o4UrD53lo9CvFvVg"
"414","5p7f24Rk5HkUZsaS3BLG5F","6JL8zeS1NmiOftqZTRgdTz"
"415","5p7f24Rk5HkUZsaS3BLG5F","64M6ah0SkkRsnPGtGiRAbb"
"416","5p7f24Rk5HkUZsaS3BLG5F","3QLIkT4rD2FMusaqmkepbq"
"417","5p7f24Rk5HkUZsaS3BLG5F","3WGpXCj9YhhfX11TToZcXP"
"418","5p7f24Rk5HkUZsaS3BLG5F","2Rf4X6m0oayCJhaJ5K63GQ"
"419","5p7f24Rk5HkUZsaS3BLG5F","1o2NpYGqHiCq7FoiYdyd1x"
"420","5p7f24Rk5HkUZsaS3BLG5F","3bhu7P5PfngueRHiB9hjcx"
"421","4lDBihdpMlOalxy1jkUbPl","4KoZpKiPeX4jIi7Euwcfuo"
"422","4lDBihdpMlOalxy1jkUbPl","2YuA9BgwAAI3AMhWMvLjxH"
"423","4lDBihdpMlOalxy1jkUbPl","6ZoZbnqgZ1a0VnG0N6wZyQ"
"424","4lDBihdpMlOalxy1jkUbPl","3XmsLcTDR20TF8CGBThNEx"
"425","4lDBihdpMlOalxy1jkUbPl","1hiIe6hmDchjc246cpoAOM"
"426","4lDBihdpMlOalxy1jkUbPl","6TSg36yhim4Jhu4jWeJTHB"
"427","4lDBihdpMlOalxy1jkUbPl","3npIzgA2uj6DyE6yLfdU44"
"428","4lDBihdpMlOalxy1jkUbPl","2rg36V36COkrnBqhVHlYnh"
"429","4lDBihdpMlOalxy1jkUbPl","2oSfMWbje3XOK5QvxljrdB"
"430","4lDBihdpMlOalxy1jkUbPl","0ihCOcKToi4pSSVUCrlZ38"
"431","4lDBihdpMlOalxy1jkUbPl","6u2eKQApskaH3Sf8QLeRNV"
"432","4lDBihdpMlOalxy1jkUbPl","5Qfqa9FeOchAWt6kfuvZbY"
"433","4lDBihdpMlOalxy1jkUbPl","0uTGzcB9aTMA8y1iLL3WnQ"
"434","4lDBihdpMlOalxy1jkUbPl","4htjQW3lgIwL6fEJlTOez4"
"435","4lDBihdpMlOalxy1jkUbPl","4v24AzWBIlowZwnktXSlwX"
"436","4lDBihdpMlOalxy1jkUbPl","0jPA74DtdgWqMU2x4cAFsb"
"437","4lDBihdpMlOalxy1jkUbPl","6Pg7Yt0sOJa1iL63lYnoyO"
"438","4lDBihdpMlOalxy1jkUbPl","34Dog4Ylyg3eUFJF5Rk7Hc"
"439","4lDBihdpMlOalxy1jkUbPl","2nChukSvdJbQbVAvrP21vT"
"440","4lDBihdpMlOalxy1jkUbPl","1LslKyduMzQNZ4jSBis6xg"
"441","2qxJFvFYMEDqd7ui6kSAcq","1vCWHaC5f2uS3yhpwWbIA6"
"442","2qxJFvFYMEDqd7ui6kSAcq","4AVFqumd2ogHFlRbKIjp1t"
"443","2qxJFvFYMEDqd7ui6kSAcq","2o5jDhtHVPhrJdv3cEQ99Z"
"444","2qxJFvFYMEDqd7ui6kSAcq","4D75GcNG95ebPtNvoNVXhz"
"445","2qxJFvFYMEDqd7ui6kSAcq","3dz0NnIZhtKKeXZxLOxCam"
"446","2qxJFvFYMEDqd7ui6kSAcq","6TQj5BFPooTa08A7pk8AQ1"
"447","2qxJFvFYMEDqd7ui6kSAcq","4pb4rqWSoGUgxm63xmJ8xc"
"448","2qxJFvFYMEDqd7ui6kSAcq","6BrvowZBreEkXzJQMpL174"
"449","2qxJFvFYMEDqd7ui6kSAcq","5he5w2lnU9x7JFhnwcekXX"
"450","2qxJFvFYMEDqd7ui6kSAcq","7CajNmpbOovFoOoasH2HaY"
"451","2qxJFvFYMEDqd7ui6kSAcq","2CIMQHirSU0MQqyYHq0eOx"
"452","2qxJFvFYMEDqd7ui6kSAcq","77AiFEVeAVj2ORpC85QVJs"
"453","2qxJFvFYMEDqd7ui6kSAcq","5ChF3i92IPZHduM7jN3dpg"
"454","2qxJFvFYMEDqd7ui6kSAcq","1IELhvOMg5VQlU7syRm6CS"
"455","2qxJFvFYMEDqd7ui6kSAcq","1h6Cn3P4NGzXbaXidqURXs"
"456","2qxJFvFYMEDqd7ui6kSAcq","5R3Hr2cnCCjt220Jmt2xLf"
"457","2qxJFvFYMEDqd7ui6kSAcq","0Cd6nHYwecCNM1sVEXKlYr"
"458","2qxJFvFYMEDqd7ui6kSAcq","00sAT5YX8W3xNd1EuqyHw9"
"459","2qxJFvFYMEDqd7ui6kSAcq","6hyMWrxGBsOx6sWcVj1DqP"
"460","2qxJFvFYMEDqd7ui6kSAcq","5fMUXHkw8R8eOP2RNVYEZX"
"461","2wUjUUtkb5lvLKcGKsKqsR","5ZsFI1h6hIdQRw2ti0hz81"
"462","2wUjUUtkb5lvLKcGKsKqsR","5p7f24Rk5HkUZsaS3BLG5F"
"463","2wUjUUtkb5lvLKcGKsKqsR","7n2wHs1TKAczGzO7Dd2rGr"
"464","2wUjUUtkb5lvLKcGKsKqsR","6Dd3NScHWwnW6obMFbl1BH"
"465","2wUjUUtkb5lvLKcGKsKqsR","1vSN1fsvrzpbttOYGsliDr"
"466","2wUjUUtkb5lvLKcGKsKqsR","3iri9nBFs9e4wN7PLIetAw"
"467","2wUjUUtkb5lvLKcGKsKqsR","6VuMaDnrHyPL1p4EHjYLi7"
"468","2wUjUUtkb5lvLKcGKsKqsR","6T5tfhQCknKG4UnH90qGnz"
"469","2wUjUUtkb5lvLKcGKsKqsR","3WGpXCj9YhhfX11TToZcXP"
"470","2wUjUUtkb5lvLKcGKsKqsR","0C8ZW7ezQVs4URX5aX7Kqx"
"471","2wUjUUtkb5lvLKcGKsKqsR","5QSx2vpiSchSeCwc0qmfNI"
"472","2wUjUUtkb5lvLKcGKsKqsR","1uNFoZAHBGtllmzznpCI3s"
"473","2wUjUUtkb5lvLKcGKsKqsR","4u5smJBskI6Adzv08PuiUP"
"474","2wUjUUtkb5lvLKcGKsKqsR","26VFTg2z8YR0cCuwLzESi2"
"475","2wUjUUtkb5lvLKcGKsKqsR","63yrD80RY3RNEM2YDpUpO8"
"476","2wUjUUtkb5lvLKcGKsKqsR","1l8Fu6IkuTP0U5QetQJ5Xt"
"477","2wUjUUtkb5lvLKcGKsKqsR","1peH5tSqnYm8W6Bo3I5egE"
"478","2wUjUUtkb5lvLKcGKsKqsR","4Rxn7Im3LGfyRkY2FlHhWi"
"479","2wUjUUtkb5lvLKcGKsKqsR","1Xylc3o4UrD53lo9CvFvVg"
"480","2wUjUUtkb5lvLKcGKsKqsR","6y5amJcTjeDgLXIjtQLMst"
"481","3TVXtAsR1Inumwj472S9r4","1Xyo4u8uXC1ZmMpatF05PJ"
"482","3TVXtAsR1Inumwj472S9r4","2YZyLoL8N0Wb9xBt1NhZWg"
"483","3TVXtAsR1Inumwj472S9r4","1RyvyyTE3xzB2ZywiAwp0i"
"484","3TVXtAsR1Inumwj472S9r4","02kJSzxNuaWGqwubyUba0Z"
"485","3TVXtAsR1Inumwj472S9r4","2h93pZq0e7k5yf4dywlkpM"
"486","3TVXtAsR1Inumwj472S9r4","137W8MRPWKqSmrBGDBFSop"
"487","3TVXtAsR1Inumwj472S9r4","6l3HvQ5sa6mXTsMTB19rO5"
"488","3TVXtAsR1Inumwj472S9r4","5ZS223C6JyBfXasXxrRqOk"
"489","3TVXtAsR1Inumwj472S9r4","0fA0VVWsXO9YnASrzqfmYu"
"490","3TVXtAsR1Inumwj472S9r4","360IAlyVv4PCEVjgyMZrxK"
"491","3TVXtAsR1Inumwj472S9r4","0c173mlxpT3dSFRgMO8XPh"
"492","3TVXtAsR1Inumwj472S9r4","5ndkK3dpZLKtBklKjxNQwT"
"493","3TVXtAsR1Inumwj472S9r4","01QTIT5P1pFP3QnnFSdsJf"
"494","3TVXtAsR1Inumwj472S9r4","3nFkdlSjzX9mRTtwJOzDYB"
"495","3TVXtAsR1Inumwj472S9r4","73sIBHcqh3Z3NyqHKZ7FOL"
"496","3TVXtAsR1Inumwj472S9r4","0ONHkAv9pCAFxb0zJwDNTy"
"497","3TVXtAsR1Inumwj472S9r4","6KZDXtSj0SzGOV705nNeh3"
"498","3TVXtAsR1Inumwj472S9r4","13ubrt8QOOCPljQ2FL1Kca"
"499","3TVXtAsR1Inumwj472S9r4","5IcR3N7QB1j6KBL8eImZ8m"
"500","3TVXtAsR1Inumwj472S9r4","1W3FSF1BLpY3hlVIgvenLz"
"501","2oX42qP5ineK3hrhBECLmj","3QLIkT4rD2FMusaqmkepbq"
"502","2oX42qP5ineK3hrhBECLmj","04gDigrS5kc9YWfZHwBETP"
"503","2oX42qP5ineK3hrhBECLmj","6eUKZXaKkcviH0Ku9w2n3V"
"504","2oX42qP5ineK3hrhBECLmj","6JL8zeS1NmiOftqZTRgdTz"
"505","2oX42qP5ineK3hrhBECLmj","0kkxsdcaWmWU2yWAqclDh4"
"506","2oX42qP5ineK3hrhBECLmj","6p5JxpTc7USNnBnLzctyd4"
"507","2oX42qP5ineK3hrhBECLmj","7H55rcKCfwqkyDFH9wpKM6"
"508","2oX42qP5ineK3hrhBECLmj","2l35CQqtYRh3d8ZIiBep4v"
"509","2oX42qP5ineK3hrhBECLmj","3whuHq0yGx60atvA2RCVRW"
"510","2oX42qP5ineK3hrhBECLmj","5DYAABs8rkY9VhwtENoQCz"
"511","2oX42qP5ineK3hrhBECLmj","2PCUhxD40qlMqsKHjTZD2e"
"512","2oX42qP5ineK3hrhBECLmj","4Rxn7Im3LGfyRkY2FlHhWi"
"513","2oX42qP5ineK3hrhBECLmj","6VxCmtR7S3yz4vnzsJqhSV"
"514","2oX42qP5ineK3hrhBECLmj","4AK6F7OLvEQ5QYCBNiQWHq"
"515","2oX42qP5ineK3hrhBECLmj","0xkaKnQzluGrGirA6XnJVF"
"516","2oX42qP5ineK3hrhBECLmj","4phGZZrJZRo4ElhRtViYdl"
"517","2oX42qP5ineK3hrhBECLmj","6VuMaDnrHyPL1p4EHjYLi7"
"518","2oX42qP5ineK3hrhBECLmj","1vSN1fsvrzpbttOYGsliDr"
"519","2oX42qP5ineK3hrhBECLmj","3AQRLZ9PuTAozP28Skbq8V"
"520","2oX42qP5ineK3hrhBECLmj","7n2wHs1TKAczGzO7Dd2rGr"
"521","738wLrAtLtCtFOLvQBXOXp","5fMUXHkw8R8eOP2RNVYEZX"
"522","738wLrAtLtCtFOLvQBXOXp","7CajNmpbOovFoOoasH2HaY"
"523","738wLrAtLtCtFOLvQBXOXp","3TaUSUXn41GixL7zbvrIDt"
"524","738wLrAtLtCtFOLvQBXOXp","77AiFEVeAVj2ORpC85QVJs"
"525","738wLrAtLtCtFOLvQBXOXp","3hv9jJF3adDNsBSIQDqcjp"
"526","738wLrAtLtCtFOLvQBXOXp","5EvFsr3kj42KNv97ZEnqij"
"527","738wLrAtLtCtFOLvQBXOXp","6zUiRChNyL3HEezOd1Wjam"
"528","738wLrAtLtCtFOLvQBXOXp","5R3Hr2cnCCjt220Jmt2xLf"
"529","738wLrAtLtCtFOLvQBXOXp","1bj5GrcLom5gZFF5t949Xl"
"530","738wLrAtLtCtFOLvQBXOXp","0QJIPDAEDILuo8AIq3pMuU"
"531","738wLrAtLtCtFOLvQBXOXp","1HxJeLhIuegM3KgvPn8sTa"
"532","738wLrAtLtCtFOLvQBXOXp","6Jrxnp0JgqmeUX1veU591p"
"533","738wLrAtLtCtFOLvQBXOXp","1vCWHaC5f2uS3yhpwWbIA6"
"534","738wLrAtLtCtFOLvQBXOXp","5he5w2lnU9x7JFhnwcekXX"
"535","738wLrAtLtCtFOLvQBXOXp","1Cs0zKBU1kc0i8ypK3B9ai"
"536","738wLrAtLtCtFOLvQBXOXp","2qxJFvFYMEDqd7ui6kSAcq"
"537","738wLrAtLtCtFOLvQBXOXp","7gRhy3MIPHQo5CXYfWaw9I"
"538","738wLrAtLtCtFOLvQBXOXp","2o5jDhtHVPhrJdv3cEQ99Z"
"539","738wLrAtLtCtFOLvQBXOXp","540vIaP2JwjQb9dm3aArA4"
"540","738wLrAtLtCtFOLvQBXOXp","6urkHDoIVO1WO8vNIwcJmM"
"541","0bdfiayQAKewqEvaU6rXCv","2xe8IXgCTpwHE3eA9hTs4n"
"542","0bdfiayQAKewqEvaU6rXCv","2VAnyOxzJuSAj7XIuEOT38"
"543","0bdfiayQAKewqEvaU6rXCv","6baWjwY7WiVPCZcW7pqqhz"
"544","0bdfiayQAKewqEvaU6rXCv","5Mq7iqCWBzofK39FBqblNc"
"545","0bdfiayQAKewqEvaU6rXCv","0flVPOQPuTboUwEtzPk6vj"
"546","0bdfiayQAKewqEvaU6rXCv","2Q0MyH5YMI5HPQjFjlq5g3"
"547","0bdfiayQAKewqEvaU6rXCv","4Ui2kfOqGujY81UcPrb5KE"
"548","0bdfiayQAKewqEvaU6rXCv","4XaUmUGjidSklcDHxv3XWf"
"549","0bdfiayQAKewqEvaU6rXCv","134GdR5tUtxJrf8cpsfpyY"
"550","0bdfiayQAKewqEvaU6rXCv","6puqyrpoPdFNxDJ8KPy2pE"
"551","0bdfiayQAKewqEvaU6rXCv","3Bd1cgCjtCI32PYvDC3ynO"
"552","0bdfiayQAKewqEvaU6rXCv","0IB0VjX9NSrGX6PjCXGVcq"
"553","0bdfiayQAKewqEvaU6rXCv","1hvPdvTeY6McdTvN4DyKGe"
"554","0bdfiayQAKewqEvaU6rXCv","5V6QXzDmQl9KYCcJkVkjBk"
"555","0bdfiayQAKewqEvaU6rXCv","3GJhraAgCA8s8XHENnDsXq"
"556","0bdfiayQAKewqEvaU6rXCv","59oA5WbbQvomJz2BuRG071"
"557","0bdfiayQAKewqEvaU6rXCv","0CjWKoS55T7DOt0HJuwF1H"
"558","0bdfiayQAKewqEvaU6rXCv","5r5Va4lVQ1zjEfbJSrmCsS"
"559","0bdfiayQAKewqEvaU6rXCv","7qRll6DYV06u2VuRPAVqug"
"560","0bdfiayQAKewqEvaU6rXCv","6zyPKJ4ePhYLsBEy4A6BVX"
"581","0lzV2CiahHRiGd6qpADtPS","2IjiuEObrCKyZvSb8xLxG9"
"582","0lzV2CiahHRiGd6qpADtPS","5cBeFQv3kBVP8o15CmPTKb"
"583","0lzV2CiahHRiGd6qpADtPS","6TlN75Ns66CyxBuZ7i3TK3"
"584","0lzV2CiahHRiGd6qpADtPS","7d2TmDcODDON6yZTLm8n5p"
"585","0lzV2CiahHRiGd6qpADtPS","2SfhiNVhk8w8xCQ89P3NPU"
"586","0lzV2CiahHRiGd6qpADtPS","3IYNUniWKkMmHKUHssC392"
"587","0lzV2CiahHRiGd6qpADtPS","6q94KewnCnut4Ta36dCoaB"
"588","0lzV2CiahHRiGd6qpADtPS","4nx8ehrFiCOmWgebUKshDV"
"589","0lzV2CiahHRiGd6qpADtPS","6YvP6AXefuZ3bROoEVjCiY"
"590","0lzV2CiahHRiGd6qpADtPS","2LyxhWXFqUt5Zbe0KSW38j"
"591","0lzV2CiahHRiGd6qpADtPS","7pSOgeenBhBEN5a5yHzxIS"
"592","0lzV2CiahHRiGd6qpADtPS","4S8NmgM7oJ188sKp1waZpy"
"593","0lzV2CiahHRiGd6qpADtPS","1nWS89L7evreaF9wcCsIyi"
"594","0lzV2CiahHRiGd6qpADtPS","2vRK8tYkzMBcd6YD67EA77"
"595","0lzV2CiahHRiGd6qpADtPS","7MlotYZhHjOlXcvmwrITj8"
"596","0lzV2CiahHRiGd6qpADtPS","721T2PETMLaAkijbYu05VD"
"597","0lzV2CiahHRiGd6qpADtPS","69VkQLf4DH7GJ68BCDOPKL"
"598","0lzV2CiahHRiGd6qpADtPS","0SjnenkLIpqRE9SUzogeOp"
"599","0lzV2CiahHRiGd6qpADtPS","6HQ6vf4AloXyVNdyJhrX1J"
"600","0lzV2CiahHRiGd6qpADtPS","3EDo5M4D2IAhisy3TDpkWg"
"601","7n2wHs1TKAczGzO7Dd2rGr","6VuMaDnrHyPL1p4EHjYLi7"
"602","7n2wHs1TKAczGzO7Dd2rGr","1uNFoZAHBGtllmzznpCI3s"
"603","7n2wHs1TKAczGzO7Dd2rGr","6JL8zeS1NmiOftqZTRgdTz"
"604","7n2wHs1TKAczGzO7Dd2rGr","4Rxn7Im3LGfyRkY2FlHhWi"
"605","7n2wHs1TKAczGzO7Dd2rGr","1l8Fu6IkuTP0U5QetQJ5Xt"
"606","7n2wHs1TKAczGzO7Dd2rGr","5p7f24Rk5HkUZsaS3BLG5F"
"607","7n2wHs1TKAczGzO7Dd2rGr","0C8ZW7ezQVs4URX5aX7Kqx"
"608","7n2wHs1TKAczGzO7Dd2rGr","1vSN1fsvrzpbttOYGsliDr"
"609","7n2wHs1TKAczGzO7Dd2rGr","2wUjUUtkb5lvLKcGKsKqsR"
"610","7n2wHs1TKAczGzO7Dd2rGr","3QLIkT4rD2FMusaqmkepbq"
"611","7n2wHs1TKAczGzO7Dd2rGr","2Rf4X6m0oayCJhaJ5K63GQ"
"612","7n2wHs1TKAczGzO7Dd2rGr","66CXWjxzNUsdJxJ2JdwvnR"
"613","7n2wHs1TKAczGzO7Dd2rGr","4AK6F7OLvEQ5QYCBNiQWHq"
"614","7n2wHs1TKAczGzO7Dd2rGr","5ZsFI1h6hIdQRw2ti0hz81"
"615","7n2wHs1TKAczGzO7Dd2rGr","7gAppWoH7pcYmphCVTXkzs"
"616","7n2wHs1TKAczGzO7Dd2rGr","3WGpXCj9YhhfX11TToZcXP"
"617","7n2wHs1TKAczGzO7Dd2rGr","6Dd3NScHWwnW6obMFbl1BH"
"618","7n2wHs1TKAczGzO7Dd2rGr","6T5tfhQCknKG4UnH90qGnz"
"619","7n2wHs1TKAczGzO7Dd2rGr","0kkxsdcaWmWU2yWAqclDh4"
"620","7n2wHs1TKAczGzO7Dd2rGr","3e7awlrlDSwF3iM0WBjGMp"
"621","5JSXWmQO8csVUy6hSRu8TA","4SqTiwOEdYrNayaGMkc7ia"
"622","5JSXWmQO8csVUy6hSRu8TA","0OAusXEginMnUycfJiuxrt"
"623","5JSXWmQO8csVUy6hSRu8TA","1RlBDEXSFnqeYBx70UxZn2"
"624","5JSXWmQO8csVUy6hSRu8TA","6ioOEWNNGK40H8xrGj6XPW"
"625","5JSXWmQO8csVUy6hSRu8TA","5tIkXJTex4JY7cv9mmgAZx"
"626","5JSXWmQO8csVUy6hSRu8TA","7ixzNQXQ64I2ayrtyhlF7i"
"627","5JSXWmQO8csVUy6hSRu8TA","3jDtqAKltRxJi64svLZGj7"
"628","5JSXWmQO8csVUy6hSRu8TA","1kJHmqou1WF0wMrCwH9ppR"
"629","5JSXWmQO8csVUy6hSRu8TA","0C1yeOJW3kNsDjXl9zg1fj"
"630","5JSXWmQO8csVUy6hSRu8TA","1Vx5fzRUd7A1j40B8E3Yqo"
"631","5JSXWmQO8csVUy6hSRu8TA","4uNv6RD2YXwoaKgHfJZkkL"
"632","5JSXWmQO8csVUy6hSRu8TA","0vomb9Zaob10lPzxBcIiNb"
"633","5JSXWmQO8csVUy6hSRu8TA","4qWnlmXWuGv2TtuxtIWlJX"
"634","5JSXWmQO8csVUy6hSRu8TA","0yb46jwm7gqbZXVXZQ8Z1e"
"635","5JSXWmQO8csVUy6hSRu8TA","0B3N0ZINFWvizfa8bKiz4v"
"636","5JSXWmQO8csVUy6hSRu8TA","0h3YCmvRJ2jqt4jFiR6nGL"
"637","5JSXWmQO8csVUy6hSRu8TA","14rP13jdQNgQvuPA2AkBgm"
"638","5JSXWmQO8csVUy6hSRu8TA","6QrQ7OrISRYIfS5mtacaw2"
"639","5JSXWmQO8csVUy6hSRu8TA","3wCsgh1fW24zVMpXiDi6bO"
"640","5JSXWmQO8csVUy6hSRu8TA","0x9UILtXoQpudn5SMzMjUq"
"641","15NtJjjHRFybdNSMyM9smT","1ROPY7NOUR8YYeqpcHG58l"
"642","15NtJjjHRFybdNSMyM9smT","1wCp2LKbJTGSythHLfwEeN"
"643","15NtJjjHRFybdNSMyM9smT","0wrtoe6oLBWvtvxpGF7jkG"
"644","15NtJjjHRFybdNSMyM9smT","3H6y31Ttbfeb5O7XrnFL7P"
"645","15NtJjjHRFybdNSMyM9smT","2FdS5QQxtEvN73IZYQl5la"
"646","15NtJjjHRFybdNSMyM9smT","78pSFXpfPspYrbngTGNlKY"
"647","15NtJjjHRFybdNSMyM9smT","3J4u9F2nYg4CFIP5K81iAl"
"648","15NtJjjHRFybdNSMyM9smT","50IjTyzluxyKDn8y8NRX3A"
"649","15NtJjjHRFybdNSMyM9smT","1DXpTNVKDAgiVASC4e5PPr"
"650","15NtJjjHRFybdNSMyM9smT","48oNOwPlst6mGrLQEQJ3tB"
"651","15NtJjjHRFybdNSMyM9smT","1OAjDaKgg00KCUYqDe68un"
"652","15NtJjjHRFybdNSMyM9smT","3dPjmIPstQGXfl3MMFBmR2"
"653","15NtJjjHRFybdNSMyM9smT","2Clubz4mjvwGbAYX7Q9dzj"
"654","15NtJjjHRFybdNSMyM9smT","6lZKinglJwAfzEboK2FK4A"
"655","15NtJjjHRFybdNSMyM9smT","1YuEVev1Bfrd7yR00vSvQB"
"656","15NtJjjHRFybdNSMyM9smT","5lfHPSUUioh4xFnFSazofr"
"657","15NtJjjHRFybdNSMyM9smT","0fZlJOCsOEnq2ZG1tjp9gY"
"658","15NtJjjHRFybdNSMyM9smT","5NYWQ4EuTeESEUoZuR0Cv8"
"659","15NtJjjHRFybdNSMyM9smT","5gDS1vxLaRl22q23a3Yv5K"
"660","15NtJjjHRFybdNSMyM9smT","1uF654kTa27ikOpHWPZbjL"
"661","6V3F8MZrOKdT9fU686ybE9","0iVrCROxeyon7MZUW3MfzT"
"662","6V3F8MZrOKdT9fU686ybE9","2P3cjUru4H3fhSXXNxE9kA"
"663","6V3F8MZrOKdT9fU686ybE9","6x9QLdzo6eBZxJ1bHsDkjg"
"664","6V3F8MZrOKdT9fU686ybE9","5a6nqHiBS9v3CxYOs7ttET"
"665","6V3F8MZrOKdT9fU686ybE9","2mxe0TnaNL039ysAj51xPQ"
"666","6V3F8MZrOKdT9fU686ybE9","2zFZiWQJFFshzojycnXoTL"
"667","6V3F8MZrOKdT9fU686ybE9","62sPt3fswraiEPnKQpAbdE"
"668","6V3F8MZrOKdT9fU686ybE9","6O74knDqdv3XaWtkII7Xjp"
"669","6V3F8MZrOKdT9fU686ybE9","7urq0VfqxEYEEiZUkebXT4"
"670","6V3F8MZrOKdT9fU686ybE9","2MGT7CYlixSPxAnnkhLpaA"
"671","6V3F8MZrOKdT9fU686ybE9","2JyWXPbkqI5ZJa3gwqVa0c"
"672","6V3F8MZrOKdT9fU686ybE9","266SmBZTt4zRzaKEANWbfQ"
"673","6V3F8MZrOKdT9fU686ybE9","5fikk4h5qbEebqK2Fc6e48"
"674","6V3F8MZrOKdT9fU686ybE9","6vytZ677lz4LzCrUDcDokM"
"675","6V3F8MZrOKdT9fU686ybE9","1XkoF8ryArs86LZvFOkbyr"
"676","6V3F8MZrOKdT9fU686ybE9","1eNkUXHPaXyuyC8NAgzykK"
"677","6V3F8MZrOKdT9fU686ybE9","7wqtxqI3eo7Gn1P7SpP6cQ"
"678","6V3F8MZrOKdT9fU686ybE9","296LotOmbj7eOX7r9l46fK"
"679","6V3F8MZrOKdT9fU686ybE9","0HCeK90YUyjWi0utTPYXw1"
"680","6V3F8MZrOKdT9fU686ybE9","72y3ZI95ctkQC2O4mjBaU3"
"681","6PXS4YHDkKvl1wkIl4V8DL","7iZtZyCzp3LItcw1wtPI3D"
"682","6PXS4YHDkKvl1wkIl4V8DL","1Zatb2YN4erBOoSivOXc0o"
"683","6PXS4YHDkKvl1wkIl4V8DL","7c0XG5cIJTrrAgEC3ULPiq"
"684","6PXS4YHDkKvl1wkIl4V8DL","4MIULe6tfg2loNzBy5B9eu"
"685","6PXS4YHDkKvl1wkIl4V8DL","4TsHKU8l8Wq7n7OPVikirn"
"686","6PXS4YHDkKvl1wkIl4V8DL","34Y0ldeyUv7jBvukWOGASO"
"687","6PXS4YHDkKvl1wkIl4V8DL","1RyvyyTE3xzB2ZywiAwp0i"
"688","6PXS4YHDkKvl1wkIl4V8DL","3aGFCoR8xGN6DKwvdzeSja"
"689","6PXS4YHDkKvl1wkIl4V8DL","7kFfY4UjNdNyaeUgLIEbIF"
"690","6PXS4YHDkKvl1wkIl4V8DL","6KZDXtSj0SzGOV705nNeh3"
"691","6PXS4YHDkKvl1wkIl4V8DL","246dkjvS1zLTtiykXe5h60"
"692","6PXS4YHDkKvl1wkIl4V8DL","0Y5tJX1MQlPlqiwlOH1tJY"
"693","6PXS4YHDkKvl1wkIl4V8DL","5lHRUCqkQZCIWeX7xG4sYT"
"694","6PXS4YHDkKvl1wkIl4V8DL","20sxb77xiYeusSH8cVdatc"
"695","6PXS4YHDkKvl1wkIl4V8DL","6oMuImdp5ZcFhWP0ESe6mG"
"696","6PXS4YHDkKvl1wkIl4V8DL","7pFeBzX627ff0VnN6bxPR4"
"697","6PXS4YHDkKvl1wkIl4V8DL","0bdJZl7TDeiymDYzMJnVh2"
"698","6PXS4YHDkKvl1wkIl4V8DL","1gPhS1zisyXr5dHTYZyiMe"
"699","6PXS4YHDkKvl1wkIl4V8DL","3TVXtAsR1Inumwj472S9r4"
"700","6PXS4YHDkKvl1wkIl4V8DL","5bgfj5zUoWpyeVatGDjn6H"
"701","5QatamYwvUTOmMHW6WA0AG","7xEFii6utZmQ61kX59HmLH"
"702","5QatamYwvUTOmMHW6WA0AG","2exudSjTjUksRJhnF5JZYn"
"703","5QatamYwvUTOmMHW6WA0AG","3s3ObHATXKGsoQvdcmRbCf"
"704","5QatamYwvUTOmMHW6WA0AG","4wO0kHiOwf8l9VMJJN9HmG"
"705","5QatamYwvUTOmMHW6WA0AG","00xIVVYwho0IPifN9N3BWV"
"706","5QatamYwvUTOmMHW6WA0AG","4u5smJBskI6Adzv08PuiUP"
"707","5QatamYwvUTOmMHW6WA0AG","6g878dtAhjegRHVe5X0ALf"
"708","5QatamYwvUTOmMHW6WA0AG","5LA9eBtrAmkfQveuJZLH5h"
"709","5QatamYwvUTOmMHW6WA0AG","5M60ox9b9C4RSPOYYQLTae"
"710","5QatamYwvUTOmMHW6WA0AG","3jDtqAKltRxJi64svLZGj7"
"711","5QatamYwvUTOmMHW6WA0AG","1zNqDE7qDGCsyzJwohVaoX"
"712","5QatamYwvUTOmMHW6WA0AG","4RPluUIozHo6cHEpDLp8hK"
"713","5QatamYwvUTOmMHW6WA0AG","0Olr5bDiMEkn5Z9eQwUIAq"
"714","5QatamYwvUTOmMHW6WA0AG","5kksjhM7NuvwdbisN8smAg"
"715","5QatamYwvUTOmMHW6WA0AG","0AsThoR4KZSVktALiNcQwW"
"716","5QatamYwvUTOmMHW6WA0AG","1c5SlzViAqsaB0kXygfSjh"
"717","5QatamYwvUTOmMHW6WA0AG","7bhcf6U7Lu1Ra9u0oWLM5x"
"718","5QatamYwvUTOmMHW6WA0AG","4EukMPjtYsdi87lkU1hIxN"
"719","5QatamYwvUTOmMHW6WA0AG","1dSRKlg9rzvs63rhT8Sbpp"
"720","5QatamYwvUTOmMHW6WA0AG","7cTaYwNT1P49mASgKULKab"
"721","1Fr6agZ6iSM5Ynn2k4C8sc","3VjZEaHXvNbCmV5jc0VfZR"
"722","1Fr6agZ6iSM5Ynn2k4C8sc","6nctiwEzpo2K9UJCpyXL21"
"723","1Fr6agZ6iSM5Ynn2k4C8sc","5JZ7uSAWAzTHHVBICdtAc6"
"724","1Fr6agZ6iSM5Ynn2k4C8sc","2MuFzH1J5I6gGFYo2qhZmX"
"725","1Fr6agZ6iSM5Ynn2k4C8sc","100sLnojEpcadRx4edEBA6"
"726","1Fr6agZ6iSM5Ynn2k4C8sc","0KOR480m8faZdcHlyW6hna"
"727","1Fr6agZ6iSM5Ynn2k4C8sc","0VQKssIfRKfSd7IfW3JIP1"
"728","1Fr6agZ6iSM5Ynn2k4C8sc","3FMbhaYng6VoeCltbwqmtG"
"729","1Fr6agZ6iSM5Ynn2k4C8sc","5iPejwhyVLpYikcdxb3ePh"
"730","1Fr6agZ6iSM5Ynn2k4C8sc","0TytASn0kOZkCpjYTrXsBt"
"731","1Fr6agZ6iSM5Ynn2k4C8sc","1KMdIxzX1BddGfY2H8aGvn"
"732","1Fr6agZ6iSM5Ynn2k4C8sc","4N874uPqBka1QiCvnCVOtr"
"733","1Fr6agZ6iSM5Ynn2k4C8sc","1Bztk1lPSvwiBJCujObyxU"
"734","1Fr6agZ6iSM5Ynn2k4C8sc","49tQo2QULno7gxHutgccqF"
"735","1Fr6agZ6iSM5Ynn2k4C8sc","0TKM53jIVdbnxkpu4g16Cw"
"736","1Fr6agZ6iSM5Ynn2k4C8sc","6y6iXD929Jqq0xc6lgwhl1"
"737","1Fr6agZ6iSM5Ynn2k4C8sc","44eNlYXYkIGob3NU82tgLq"
"738","1Fr6agZ6iSM5Ynn2k4C8sc","3IaqL9bsZtYJkqNLiovVho"
"739","1Fr6agZ6iSM5Ynn2k4C8sc","26GHRG8x1F4AzbCKzUaIbw"
"740","1Fr6agZ6iSM5Ynn2k4C8sc","7HIjKw4rHS0MtmV0cqSlpB"
"741","2LZDXcxJWgsJfKXZv9a5eG","6nxWCVXbOlEVRexSbLsTer"
"742","2LZDXcxJWgsJfKXZv9a5eG","21mKp7DqtSNHhCAU2ugvUw"
"743","2LZDXcxJWgsJfKXZv9a5eG","4AA8eXtzqh5ykxtafLaPOi"
"744","2LZDXcxJWgsJfKXZv9a5eG","4dM6NDYSfLcspt8GLoT5aE"
"745","2LZDXcxJWgsJfKXZv9a5eG","2CgysNw5B7rFNRtRjQbPZ9"
"746","2LZDXcxJWgsJfKXZv9a5eG","2gcdX1NqiPU2F4QxSlBo7r"
"747","2LZDXcxJWgsJfKXZv9a5eG","7A0awCXkE1FtSU8B0qwOJQ"
"748","2LZDXcxJWgsJfKXZv9a5eG","4kubsO16bEfCADaVUyoYb6"
"749","2LZDXcxJWgsJfKXZv9a5eG","3VwKSHAfgzV1DOHV0aANCI"
"750","2LZDXcxJWgsJfKXZv9a5eG","1aSwrSGBNGMLn9ymttfRkk"
"751","2LZDXcxJWgsJfKXZv9a5eG","2VAnyOxzJuSAj7XIuEOT38"
"752","2LZDXcxJWgsJfKXZv9a5eG","2Q0MyH5YMI5HPQjFjlq5g3"
"753","2LZDXcxJWgsJfKXZv9a5eG","1lc8mnyGrCLtPhCoWjRxjM"
"754","2LZDXcxJWgsJfKXZv9a5eG","4qobOrZpdUri80gScwsHfs"
"755","2LZDXcxJWgsJfKXZv9a5eG","59myknL407PNXcExTEeUpU"
"756","2LZDXcxJWgsJfKXZv9a5eG","53wZLCnhshZKDRs3uopFBc"
"757","2LZDXcxJWgsJfKXZv9a5eG","6olWbKW2VLhFCHfOi0iEDb"
"758","2LZDXcxJWgsJfKXZv9a5eG","13Kd75NSHSp9lB4CaqPMOV"
"759","2LZDXcxJWgsJfKXZv9a5eG","6hfwwpXqZPRC9CsKI7qtv1"
"760","2LZDXcxJWgsJfKXZv9a5eG","3GJhraAgCA8s8XHENnDsXq"
"761","2jku7tDXc6XoB6MO2hFuqg","2EMAnMvWE2eb56ToJVfCWs"
"762","2jku7tDXc6XoB6MO2hFuqg","7c0XG5cIJTrrAgEC3ULPiq"
"763","2jku7tDXc6XoB6MO2hFuqg","7mDU6nMUJnOSY2Hkjz5oqM"
"764","2jku7tDXc6XoB6MO2hFuqg","2HPaUgqeutzr3jx5a9WyDV"
"765","2jku7tDXc6XoB6MO2hFuqg","0bdJZl7TDeiymDYzMJnVh2"
"766","2jku7tDXc6XoB6MO2hFuqg","3TVXtAsR1Inumwj472S9r4"
"767","2jku7tDXc6XoB6MO2hFuqg","6KZDXtSj0SzGOV705nNeh3"
"768","2jku7tDXc6XoB6MO2hFuqg","7gWumE1wMALHXANLSIt054"
"769","2jku7tDXc6XoB6MO2hFuqg","4tMm1dU6Gn04VAZ9ClHcIZ"
"770","2jku7tDXc6XoB6MO2hFuqg","7kFfY4UjNdNyaeUgLIEbIF"
"771","2jku7tDXc6XoB6MO2hFuqg","246dkjvS1zLTtiykXe5h60"
"772","2jku7tDXc6XoB6MO2hFuqg","0cGUm45nv7Z6M6qdXYQGTX"
"773","2jku7tDXc6XoB6MO2hFuqg","0Y5tJX1MQlPlqiwlOH1tJY"
"774","2jku7tDXc6XoB6MO2hFuqg","3KV3p5EY4AvKxOlhGHORLg"
"775","2jku7tDXc6XoB6MO2hFuqg","19Fi1Rj7kk8kyiwxpXy3yM"
"776","2jku7tDXc6XoB6MO2hFuqg","0YinUQ50QDB7ZxSCLyQ40k"
"777","2jku7tDXc6XoB6MO2hFuqg","65OtBLtkrifQrdTlKI90IR"
"778","2jku7tDXc6XoB6MO2hFuqg","1RyvyyTE3xzB2ZywiAwp0i"
"779","2jku7tDXc6XoB6MO2hFuqg","6PXS4YHDkKvl1wkIl4V8DL"
"780","2jku7tDXc6XoB6MO2hFuqg","0uFc6StTmJBvdHPZFDkdJy"
"781","0C8ZW7ezQVs4URX5aX7Kqx","6S2OmqARrzebs0tKUEyXyp"
"782","0C8ZW7ezQVs4URX5aX7Kqx","4Rxn7Im3LGfyRkY2FlHhWi"
"783","0C8ZW7ezQVs4URX5aX7Kqx","6dJeKm76NjfXBNTpHmOhfO"
"784","0C8ZW7ezQVs4URX5aX7Kqx","1uNFoZAHBGtllmzznpCI3s"
"785","0C8ZW7ezQVs4URX5aX7Kqx","5YGY8feqx7naU7z4HrwZM6"
"786","0C8ZW7ezQVs4URX5aX7Kqx","66CXWjxzNUsdJxJ2JdwvnR"
"787","0C8ZW7ezQVs4URX5aX7Kqx","7nU4hB040gTmHm45YYMvqc"
"788","0C8ZW7ezQVs4URX5aX7Kqx","7rPQ2z1ji1ctJ6oGYBAo6M"
"789","0C8ZW7ezQVs4URX5aX7Kqx","2S9W9aSAd7e5mp8WqWxN2h"
"790","0C8ZW7ezQVs4URX5aX7Kqx","3SYGWAHCe31oykdeUPpoJp"
"791","0C8ZW7ezQVs4URX5aX7Kqx","6jJ0s89eD6GaHleKKya26X"
"792","0C8ZW7ezQVs4URX5aX7Kqx","6G9bygHlCyPgNGxK2l3YdE"
"793","0C8ZW7ezQVs4URX5aX7Kqx","4VhL8KLjVso4vLfOLVViTb"
"794","0C8ZW7ezQVs4URX5aX7Kqx","2ddxtfC0oS8LoktXUHE7YL"
"795","0C8ZW7ezQVs4URX5aX7Kqx","26dSoYclwsYLMAKD3tpOr4"
"796","0C8ZW7ezQVs4URX5aX7Kqx","06HL4z0CvFAxyc27GXpf02"
"797","0C8ZW7ezQVs4URX5aX7Kqx","481VlDdXZAIRxnHyywNbXn"
"798","0C8ZW7ezQVs4URX5aX7Kqx","7gbmX8SsfjEjxDMzBi1ZOL"
"799","0C8ZW7ezQVs4URX5aX7Kqx","2OTfr6S2kuHRYStjt1IkY6"
"800","0C8ZW7ezQVs4URX5aX7Kqx","7gOdHgIoIKoe4i9Tta6qdD"
"801","3tQx1LPXbsYjE9VwN1Peaa","7mDU6nMUJnOSY2Hkjz5oqM"
"802","3tQx1LPXbsYjE9VwN1Peaa","0cGUm45nv7Z6M6qdXYQGTX"
"803","3tQx1LPXbsYjE9VwN1Peaa","2jku7tDXc6XoB6MO2hFuqg"
"804","3tQx1LPXbsYjE9VwN1Peaa","2EMAnMvWE2eb56ToJVfCWs"
"805","3tQx1LPXbsYjE9VwN1Peaa","00Z3UDoAQwzvGu13HoAM7J"
"806","3tQx1LPXbsYjE9VwN1Peaa","6g8AmloI8egfrr3dm3SnUL"
"807","3tQx1LPXbsYjE9VwN1Peaa","1z7b1Pr1rSlvWRzsW3HOrS"
"808","3tQx1LPXbsYjE9VwN1Peaa","4HzKw8XcD0piJmDrrPRCYk"
"809","3tQx1LPXbsYjE9VwN1Peaa","5A3RNyMFzwRaKxL8lUnfGf"
"810","3tQx1LPXbsYjE9VwN1Peaa","7e1ICztHM2Sc4JNLxeMXYl"
"811","3tQx1LPXbsYjE9VwN1Peaa","4O36cq71Cq7NazopFLBMmb"
"812","3tQx1LPXbsYjE9VwN1Peaa","246dkjvS1zLTtiykXe5h60"
"813","3tQx1LPXbsYjE9VwN1Peaa","5M0lbkGluOPXLeFjApw8r8"
"814","3tQx1LPXbsYjE9VwN1Peaa","3Gm5F95VdRxW3mqCn8RPBJ"
"815","3tQx1LPXbsYjE9VwN1Peaa","2lGHglX5dA9A4IAw9kjDm6"
"816","3tQx1LPXbsYjE9VwN1Peaa","7HkdQ0gt53LP4zmHsL0nap"
"817","3tQx1LPXbsYjE9VwN1Peaa","73ccA8TqIgiPFBqc0nx36i"
"818","3tQx1LPXbsYjE9VwN1Peaa","07d5etnpjriczFBB8pxmRe"
"819","3tQx1LPXbsYjE9VwN1Peaa","0ojcq9LJQWMawQdFDw3M0L"
"820","3tQx1LPXbsYjE9VwN1Peaa","3BYzEWh3pY0DZpMN0hFufv"
"821","02kJSzxNuaWGqwubyUba0Z","382aq8Pij5V2nE2JMHMoxl"
"822","02kJSzxNuaWGqwubyUba0Z","5G9kmDLg3OeUyj8KVBLzbu"
"823","02kJSzxNuaWGqwubyUba0Z","4xRYI6VqpkE3UwrDrAZL8L"
"824","02kJSzxNuaWGqwubyUba0Z","3TVXtAsR1Inumwj472S9r4"
"825","02kJSzxNuaWGqwubyUba0Z","6l3HvQ5sa6mXTsMTB19rO5"
"826","02kJSzxNuaWGqwubyUba0Z","00Z3UDoAQwzvGu13HoAM7J"
"827","02kJSzxNuaWGqwubyUba0Z","0wNuUG1alVKXEEiwEypprs"
"828","02kJSzxNuaWGqwubyUba0Z","73sIBHcqh3Z3NyqHKZ7FOL"
"829","02kJSzxNuaWGqwubyUba0Z","4LLpKhyESsyAXpc4laK94U"
"830","02kJSzxNuaWGqwubyUba0Z","7pFeBzX627ff0VnN6bxPR4"
"831","02kJSzxNuaWGqwubyUba0Z","1tqhsYv8yBBdwANFNzHtcr"
"832","02kJSzxNuaWGqwubyUba0Z","137W8MRPWKqSmrBGDBFSop"
"833","02kJSzxNuaWGqwubyUba0Z","6KZDXtSj0SzGOV705nNeh3"
"834","02kJSzxNuaWGqwubyUba0Z","6gWsNpg9lhVbimwQ8bP5K1"
"835","02kJSzxNuaWGqwubyUba0Z","3TOKZohBEXnd5RgCXHUsH3"
"836","02kJSzxNuaWGqwubyUba0Z","5Z5jUyiNvFaqp0EVyLNf0p"
"837","02kJSzxNuaWGqwubyUba0Z","3IstlZaHyUP9SONpulb4SM"
"838","02kJSzxNuaWGqwubyUba0Z","0c173mlxpT3dSFRgMO8XPh"
"839","02kJSzxNuaWGqwubyUba0Z","40giwFcTQtv9ezxW8yqxJU"
"840","02kJSzxNuaWGqwubyUba0Z","2KsP6tYLJlTBvSUxnwlVWa"
"841","7xEFii6utZmQ61kX59HmLH","4wO0kHiOwf8l9VMJJN9HmG"
"842","7xEFii6utZmQ61kX59HmLH","5QatamYwvUTOmMHW6WA0AG"
"843","7xEFii6utZmQ61kX59HmLH","2exudSjTjUksRJhnF5JZYn"
"844","7xEFii6utZmQ61kX59HmLH","6g878dtAhjegRHVe5X0ALf"
"845","7xEFii6utZmQ61kX59HmLH","0hhL0iOf9ebHlwxWQyeH2w"
"846","7xEFii6utZmQ61kX59HmLH","00xIVVYwho0IPifN9N3BWV"
"847","7xEFii6utZmQ61kX59HmLH","4u5smJBskI6Adzv08PuiUP"
"848","7xEFii6utZmQ61kX59HmLH","5TrkbV9x6OdTBlzWPJeBz5"
"849","7xEFii6utZmQ61kX59HmLH","5ShkaitLUorYdZgJMqTF5E"
"850","7xEFii6utZmQ61kX59HmLH","6NEekR0i3JC1r4BntSjskE"
"851","7xEFii6utZmQ61kX59HmLH","7hOGhpa8RMSuDOWntGIAJt"
"852","7xEFii6utZmQ61kX59HmLH","5kksjhM7NuvwdbisN8smAg"
"853","7xEFii6utZmQ61kX59HmLH","6Paz0vXJJ9bCPf0fEm3qzg"
"854","7xEFii6utZmQ61kX59HmLH","4nljnlPiswjFIoVpLGn8Wc"
"855","7xEFii6utZmQ61kX59HmLH","7bhcf6U7Lu1Ra9u0oWLM5x"
"856","7xEFii6utZmQ61kX59HmLH","1dSRKlg9rzvs63rhT8Sbpp"
"857","7xEFii6utZmQ61kX59HmLH","7blkMNJv8n9ceP9zlA4W2U"
"858","7xEFii6utZmQ61kX59HmLH","5uW6WiRHzStJq2i2OsAXcu"
"859","7xEFii6utZmQ61kX59HmLH","3o42mstamO9qGU4P8p50Qr"
"860","7xEFii6utZmQ61kX59HmLH","2vGaSKEDFsVPBgcnGxqlBN"
"861","1oKdM70mJD8VvDOTKeS8t1","7bupzBUhDSqBIAkoianGjC"
"862","1oKdM70mJD8VvDOTKeS8t1","6z5JGyujI9tfjT4fCwSDJu"
"863","1oKdM70mJD8VvDOTKeS8t1","7bFuEkk1929rDOdLywT3rn"
"864","1oKdM70mJD8VvDOTKeS8t1","0bPkFahPVbTa21llsTg06G"
"865","1oKdM70mJD8VvDOTKeS8t1","4u5smJBskI6Adzv08PuiUP"
"866","1oKdM70mJD8VvDOTKeS8t1","7keGfmQR4X5w0two1xKZ7d"
"867","1oKdM70mJD8VvDOTKeS8t1","36jaGQtMj5UWD0eO1fCVdD"
"868","1oKdM70mJD8VvDOTKeS8t1","6lB8vOoI4DRrrVxXwuV19c"
"869","1oKdM70mJD8VvDOTKeS8t1","4wiTMr3PA4rslJzqx4QO5f"
"870","1oKdM70mJD8VvDOTKeS8t1","7xEFii6utZmQ61kX59HmLH"
"871","1oKdM70mJD8VvDOTKeS8t1","3iri9nBFs9e4wN7PLIetAw"
"872","1oKdM70mJD8VvDOTKeS8t1","1zV4Mrbt6dvfvXFgxYn4Na"
"873","1oKdM70mJD8VvDOTKeS8t1","13XiWTSCn7mJbupzHvZVEZ"
"874","1oKdM70mJD8VvDOTKeS8t1","330D4XtY4LToUuWcThhCI6"
"875","1oKdM70mJD8VvDOTKeS8t1","46s69y27xHfuHwdhJaM298"
"876","1oKdM70mJD8VvDOTKeS8t1","1QRj3hoop9Mv5VvHQkwPEp"
"877","1oKdM70mJD8VvDOTKeS8t1","3jHBxvZ9gbBkZ17wKUqVsO"
"878","1oKdM70mJD8VvDOTKeS8t1","1HBjj22wzbscIZ9sEb5dyf"
"879","1oKdM70mJD8VvDOTKeS8t1","6czdbISBoxGckbBX8F4m8L"
"880","1oKdM70mJD8VvDOTKeS8t1","0vckacoFWyeHKhqZVYlFEq"
"881","4PVn1b2WnnXdq80C7uaZLZ","3TVjdmhfFoYJLgBEkkZTBm"
"882","4PVn1b2WnnXdq80C7uaZLZ","1h6Cn3P4NGzXbaXidqURXs"
"883","4PVn1b2WnnXdq80C7uaZLZ","6hyMWrxGBsOx6sWcVj1DqP"
"884","4PVn1b2WnnXdq80C7uaZLZ","1pbHrVayIcVpHI9z97u4bK"
"885","4PVn1b2WnnXdq80C7uaZLZ","5kp9Qhzri9LrDkzrtjt5Sh"
"886","4PVn1b2WnnXdq80C7uaZLZ","00sAT5YX8W3xNd1EuqyHw9"
"887","4PVn1b2WnnXdq80C7uaZLZ","5fahUm8t5c0GIdeTq0ZaG8"
"888","4PVn1b2WnnXdq80C7uaZLZ","5aBWZE8TOaaA9O50ENS3EM"
"889","4PVn1b2WnnXdq80C7uaZLZ","39PhMWg1aAuuZcph0OXGu6"
"890","4PVn1b2WnnXdq80C7uaZLZ","4WaTBVJBxGQ71Ch0swa8DA"
"891","4PVn1b2WnnXdq80C7uaZLZ","2o5jDhtHVPhrJdv3cEQ99Z"
"892","4PVn1b2WnnXdq80C7uaZLZ","1xNmvlEiICkRlRGqlNFZ43"
"893","4PVn1b2WnnXdq80C7uaZLZ","5ChF3i92IPZHduM7jN3dpg"
"894","4PVn1b2WnnXdq80C7uaZLZ","4x7gxsrTH3gThvSKZPPwaQ"
"895","4PVn1b2WnnXdq80C7uaZLZ","6rgEPiKjowlMKZC1DF6W75"
"896","4PVn1b2WnnXdq80C7uaZLZ","4bXUaTjc7TQTvLqqCAlfYt"
"897","4PVn1b2WnnXdq80C7uaZLZ","6F3EsjY0PgMI4SXkQWXF3y"
"898","4PVn1b2WnnXdq80C7uaZLZ","1vCWHaC5f2uS3yhpwWbIA6"
"899","4PVn1b2WnnXdq80C7uaZLZ","4j5KBTO4tk7up54ZirNGvK"
"900","4PVn1b2WnnXdq80C7uaZLZ","6rLWD5vrN1ZaNU0peuEH7t"
"901","4bvWFV51SAEocM22uiDOza","7DY8ywDjWdmToTbrrhLIWN"
"902","4bvWFV51SAEocM22uiDOza","1qxSVLNqRcdhXPkE6suUlN"
"903","4bvWFV51SAEocM22uiDOza","70zHrrrPfBkVV44AEhFyyh"
"904","4bvWFV51SAEocM22uiDOza","0Kwf0zcciIFGLCKiqNcO6Q"
"905","4bvWFV51SAEocM22uiDOza","0pghUohLPptZWBasy2wmUx"
"906","4bvWFV51SAEocM22uiDOza","35RvGPQ1OxbEZknWyiaAcs"
"907","4bvWFV51SAEocM22uiDOza","6OgklJh1e1Z9S1Q2IQsHgy"
"908","4bvWFV51SAEocM22uiDOza","0qG3lxHmrUeKzL1BJJ7IBN"
"909","4bvWFV51SAEocM22uiDOza","5yqlRwdJcO8wUhGzfDdfd4"
"910","4bvWFV51SAEocM22uiDOza","5sHn9ENA6XtnLmOrVQt2BB"
"911","4bvWFV51SAEocM22uiDOza","6jsjhAEteAlY0vCiLvMLBA"
"912","4bvWFV51SAEocM22uiDOza","5M60ox9b9C4RSPOYYQLTae"
"913","4bvWFV51SAEocM22uiDOza","2nUgzaTpZZxmzOh2hGlp64"
"914","4bvWFV51SAEocM22uiDOza","4EukMPjtYsdi87lkU1hIxN"
"915","4bvWFV51SAEocM22uiDOza","3s3ObHATXKGsoQvdcmRbCf"
"916","4bvWFV51SAEocM22uiDOza","7Fv49BmrbkVGY7XNWqfUPM"
"917","4bvWFV51SAEocM22uiDOza","0Olr5bDiMEkn5Z9eQwUIAq"
"918","4bvWFV51SAEocM22uiDOza","0FL2d6iFFNAV3yBUbXjZ1U"
"919","4bvWFV51SAEocM22uiDOza","2PYzfdTjMDkpIxlOEm3oK2"
"920","4bvWFV51SAEocM22uiDOza","50QKPX95I2iFGtPtPEAJfE"
"941","1zNqDE7qDGCsyzJwohVaoX","4u5smJBskI6Adzv08PuiUP"
"942","1zNqDE7qDGCsyzJwohVaoX","1MIVXf74SZHmTIp4V4paH4"
"943","1zNqDE7qDGCsyzJwohVaoX","3jDtqAKltRxJi64svLZGj7"
"944","1zNqDE7qDGCsyzJwohVaoX","1CoZyIx7UvdxT5c8UkMzHd"
"945","1zNqDE7qDGCsyzJwohVaoX","4jQF2fKZDX6pQIPWwsNWyp"
"946","1zNqDE7qDGCsyzJwohVaoX","5nSAh3wlH7VaqpnkiMjzDs"
"947","1zNqDE7qDGCsyzJwohVaoX","7aLdKgvXgDQz0wi5z2PKMV"
"948","1zNqDE7qDGCsyzJwohVaoX","7uMh23xWiuR7zsNkuNcm2G"
"949","1zNqDE7qDGCsyzJwohVaoX","6b5YOgXIliAozdo49vUCJQ"
"950","1zNqDE7qDGCsyzJwohVaoX","2FwJwEswyIUAljqgjNSHgP"
"951","1zNqDE7qDGCsyzJwohVaoX","5QatamYwvUTOmMHW6WA0AG"
"952","1zNqDE7qDGCsyzJwohVaoX","6M2wZ9GZgrQXHCFfjv46we"
"953","1zNqDE7qDGCsyzJwohVaoX","6Mn5HNY6bJSqK31cRa0uiv"
"954","1zNqDE7qDGCsyzJwohVaoX","7DMveApC7UnC2NPfPvlHSU"
"955","1zNqDE7qDGCsyzJwohVaoX","7yMruV2Y0a7ib9RLj9mLQQ"
"956","1zNqDE7qDGCsyzJwohVaoX","6Gk5hoM7eW8NSCYhICMDHw"
"957","1zNqDE7qDGCsyzJwohVaoX","1UMbINC4ZiNYU9fHjp7EWl"
"958","1zNqDE7qDGCsyzJwohVaoX","7fqDRFkiuwzFDde1K0taVs"
"959","1zNqDE7qDGCsyzJwohVaoX","5KKpBU5eC2tJDzf0wmlRp2"
"960","1zNqDE7qDGCsyzJwohVaoX","0QHXPsTQVqvNPfK6edjInM"
"961","0du5cEVh5yTK9QJze8zA0C","07YZf4WDAMNwqr4jfgOZ8y"
"962","0du5cEVh5yTK9QJze8zA0C","31TPClRtHm23RisEBtV3X7"
"963","0du5cEVh5yTK9QJze8zA0C","04gDigrS5kc9YWfZHwBETP"
"964","0du5cEVh5yTK9QJze8zA0C","4dpARuHxo51G3z768sgnrY"
"965","0du5cEVh5yTK9QJze8zA0C","6jJ0s89eD6GaHleKKya26X"
"966","0du5cEVh5yTK9QJze8zA0C","5pKCCKE2ajJHZ9KAiaK11H"
"967","0du5cEVh5yTK9QJze8zA0C","085pc2PYOi8bGKj0PNjekA"
"968","0du5cEVh5yTK9QJze8zA0C","0ZrpamOxcZybMHGg1AYtHP"
"969","0du5cEVh5yTK9QJze8zA0C","2gsggkzM5R49q6jpPvazou"
"970","0du5cEVh5yTK9QJze8zA0C","5y2Xq6xcjJb2jVM54GHK3t"
"971","0du5cEVh5yTK9QJze8zA0C","1KCSPY1glIKqW2TotWuXOR"
"972","0du5cEVh5yTK9QJze8zA0C","6vWDO969PvNqNYHIOW5v0m"
"973","0du5cEVh5yTK9QJze8zA0C","1uNFoZAHBGtllmzznpCI3s"
"974","0du5cEVh5yTK9QJze8zA0C","3whuHq0yGx60atvA2RCVRW"
"975","0du5cEVh5yTK9QJze8zA0C","5YGY8feqx7naU7z4HrwZM6"
"976","0du5cEVh5yTK9QJze8zA0C","40xbWSB4JPdOkRyuTDy1oP"
"977","0du5cEVh5yTK9QJze8zA0C","06HL4z0CvFAxyc27GXpf02"
"978","0du5cEVh5yTK9QJze8zA0C","5tKXB9uuebKE34yowVaU3C"
"979","0du5cEVh5yTK9QJze8zA0C","5lKZWd6HiSCLfnDGrq9RAm"
"980","0du5cEVh5yTK9QJze8zA0C","3DiDSECUqqY1AuBP8qtaIa"
"981","36jaGQtMj5UWD0eO1fCVdD","3iri9nBFs9e4wN7PLIetAw"
"982","36jaGQtMj5UWD0eO1fCVdD","1QRj3hoop9Mv5VvHQkwPEp"
"983","36jaGQtMj5UWD0eO1fCVdD","6ydoSd3N2mwgwBHtF6K7eX"
"984","36jaGQtMj5UWD0eO1fCVdD","3jHBxvZ9gbBkZ17wKUqVsO"
"985","36jaGQtMj5UWD0eO1fCVdD","6Dd3NScHWwnW6obMFbl1BH"
"986","36jaGQtMj5UWD0eO1fCVdD","2WzaAvm2bBCf4pEhyuDgCY"
"987","36jaGQtMj5UWD0eO1fCVdD","7xEFii6utZmQ61kX59HmLH"
"988","36jaGQtMj5UWD0eO1fCVdD","7keGfmQR4X5w0two1xKZ7d"
"989","36jaGQtMj5UWD0eO1fCVdD","0B3N0ZINFWvizfa8bKiz4v"
"990","36jaGQtMj5UWD0eO1fCVdD","6M2wZ9GZgrQXHCFfjv46we"
"991","36jaGQtMj5UWD0eO1fCVdD","1HBjj22wzbscIZ9sEb5dyf"
"992","36jaGQtMj5UWD0eO1fCVdD","58aHz3Ofs6RCFofcIpmGFW"
"993","36jaGQtMj5UWD0eO1fCVdD","5JSXWmQO8csVUy6hSRu8TA"
"994","36jaGQtMj5UWD0eO1fCVdD","4poL7YCSkG7kMnWjAdDU91"
"995","36jaGQtMj5UWD0eO1fCVdD","2E1NFr5AeEGUJkLUUsWCAO"
"996","36jaGQtMj5UWD0eO1fCVdD","1oKdM70mJD8VvDOTKeS8t1"
"997","36jaGQtMj5UWD0eO1fCVdD","4u5smJBskI6Adzv08PuiUP"
"998","36jaGQtMj5UWD0eO1fCVdD","1rw8ZTLnDHd74TWDDukjVi"
"999","36jaGQtMj5UWD0eO1fCVdD","4nljnlPiswjFIoVpLGn8Wc"
"1000","36jaGQtMj5UWD0eO1fCVdD","6czdbISBoxGckbBX8F4m8L"
