"id","isBCCompatible"
"0 day Attack on Earth","TRUE"
"007 Legends","TRUE"
"007: Quantum of Solace","TRUE"
"10 Frame Bowling","TRUE"
"1942: Joint Strike","TRUE"
"2010 FIFA World Cup South Africa","TRUE"
"3 on 3 NHL Arcade","TRUE"
"3 Point Contest","TRUE"
"3D Ultra Minigolf Adventures","TRUE"
"50 Cent: Blood on the Sand","TRUE"
"A.R.E.S. Extinction Agenda EX","TRUE"
"Abyss Odyssey","TRUE"
"Ace Combat 6: Fires of Liberation","TRUE"
"ACE COMBAT ASSAULT HORIZON","TRUE"
"Aces of the Galaxy","TRUE"
"Adrenalin Misfits","TRUE"
"Adventure Time: Explore the Dungeon Because I DON’T KNOW!","TRUE"
"Adventure Time: Finn and Jake Investigations","TRUE"
"Adventure Time: The Secret of the Nameless Kingdom","TRUE"
"Adventures of Shuggy","TRUE"
"AFRO SAMURAI","TRUE"
"Air Band","TRUE"
"Air Conflicts: Secret Wars","TRUE"
"Air Conflicts: Vietnam","TRUE"
"AirMech Arena","TRUE"
"Akai Katana","TRUE"
"Alice: Madness Returns","TRUE"
"Alien Breed 2: Assault","TRUE"
"Alien Breed 3: Descent","TRUE"
"Alien Breed: Evolution","TRUE"
"Alien Rage","TRUE"
"Alien Spidy","TRUE"
"Alien: Isolation","TRUE"
"Aliens: Colonial Marines","TRUE"
"All Pro Football 2K8","TRUE"
"Alone In The Dark","TRUE"
"Alpha Protocol","TRUE"
"America's Army: True Soldiers","TRUE"
"American Mensa Academy","TRUE"
"Amped 3","TRUE"
"AMY","TRUE"
"ANARCHY REIGNS","TRUE"
"Ancients of Ooga","TRUE"
"Angry Birds Star Wars","TRUE"
"Angry Birds Trilogy","TRUE"
"Anna  Extended Edition","TRUE"
"Apache: Air Assault","TRUE"
"Apples to Apples","TRUE"
"AquaZone: Life Simulator","TRUE"
"Arcana Heart 3","TRUE"
"ArcaniA","TRUE"
"Are You Smarter Than a 5th Grader: Game Time","TRUE"
"Are You Smarter Than a 5th Grader: Make The Grade","TRUE"
"Arkadian Warriors","TRUE"
"Armored Core for Answer","TRUE"
"Armored Core V","TRUE"
"ARMORED CORE: VERDICT DAY","TRUE"
"ARMORED CORE4","TRUE"
"Army of Two","TRUE"
"Army of TWO The Devil’s Cartel","TRUE"
"Army of Two: The 40th Day","TRUE"
"Ashes Cricket 2013","TRUE"
"Assassin's Creed Brotherhood","TRUE"
"Assassin's Creed III","TRUE"
"Assassin's Creed Rogue","TRUE"
"Assassin's Creed: Revelations","TRUE"
"Assassin’s Creed Liberation HD","TRUE"
"Assassin’s CreedIV Black Flag","TRUE"
"Assault Heroes","TRUE"
"Assault Heroes 2","TRUE"
"Astropop","TRUE"
"ASURA'S WRATH","TRUE"
"Attack Of The Movies 3D","TRUE"
"Avatar FameStar","TRUE"
"Avatar: The Last Airbender -- The Burning Earth","TRUE"
"Awesomenauts","TRUE"
"Axel & Pixel","TRUE"
"Babel Rising","TRUE"
"Back to the Future: The Game  30th Anniversary Edition","TRUE"
"BACKBREAKER","TRUE"
"Backbreaker Vengeance","TRUE"
"Backyard Football '10","TRUE"
"Baja 1000","TRUE"
"BAJA: Edge of Control","TRUE"
"Bakugan Battle Brawlers","TRUE"
"Bakugan: Defenders of the Core","TRUE"
"Band of Bugs","TRUE"
"BandFuse: Rock Legends","TRUE"
"Bang Bang Racing","TRUE"
"BangaiO HD","TRUE"
"BangaiO HD: Missile Fury","TRUE"
"Bankshot Billiards 2","TRUE"
"Barbie and Her Sisters Puppy Rescue","TRUE"
"Bass Pro Shops: The Strike","TRUE"
"Bastion","TRUE"
"Batman: Arkham Asylum","TRUE"
"Batman: Arkham City","TRUE"
"Batman: Arkham Origins","TRUE"
"Batman: Arkham Origins Blackgate  Deluxe Edition","TRUE"
"Batman: The Telltale Series","TRUE"
"Battle Academy","TRUE"
"Battle Fantasia","TRUE"
"Battle Stuff","TRUE"
"Battle: Los Angeles","TRUE"
"Battlefield 1943","TRUE"
"Battlefield 2: Modern Combat","TRUE"
"Battlefield 3","TRUE"
"Battlefield 4","TRUE"
"Battlefield Hardline","TRUE"
"Battlefield: Bad Company","TRUE"
"Battlefield: Bad Company 2","TRUE"
"Battleship","TRUE"
"Battlestations Pacific","TRUE"
"Battlezone","TRUE"
"BCFxDoug Williams Ed.","TRUE"
"Beat'n Groovy","TRUE"
"Beautiful Katamari","TRUE"
"Bee Movie Game","TRUE"
"Beijing 2008 - The Official Video Game of the Olympic Games","TRUE"
"Bejeweled Blitz LIVE","TRUE"
"Ben 10 Galactic Racing","TRUE"
"Ben 10 Omniverse","TRUE"
"Ben 10 Omniverse 2","TRUE"
"Ben 10 Ultimate Alien: Cosmic Destruction","TRUE"
"BEN 10: VILGAX ATTACKS","TRUE"
"Beowulf: The Game","TRUE"
"Big Game Hunter","FALSE"
"Binary Domain","TRUE"
"Bionic Commando","TRUE"
"Bionic Commando: Rearmed","TRUE"
"Bionicle Heroes","TRUE"
"BioShock","TRUE"
"BioShock 2","TRUE"
"BioShock Infinite","TRUE"
"Birds of Steel","TRUE"
"Black Knight Sword","TRUE"
"Blacklight: Tango Down","TRUE"
"Blacksite: Area 51","TRUE"
"Blackwater","TRUE"
"Blade Kitten","TRUE"
"Blades of Time","TRUE"
"Bladestorm: The Hundred Years' War","TRUE"
"BLAZBLUE CONTINUUM SHIFT EXTEND","TRUE"
"BlazBlue: Calamity Trigger","TRUE"
"BlazBlue: Continuum Shift","TRUE"
"Blazing Angels 2: Secret Missions of WWII","TRUE"
"Blazing Angels: Squadrons of WWII","TRUE"
"Blazing Birds","TRUE"
"Bliss Island","TRUE"
"Blitz: The League","TRUE"
"Blitz: The League II","TRUE"
"Block Party","TRUE"
"Blood Bowl","TRUE"
"Blood Drive","TRUE"
"Bloody Good Time","TRUE"
"Blur","TRUE"
"Bodycount","TRUE"
"Bomberman Live: Battlefest","TRUE"
"Bomberman: Act Zero","TRUE"
"Boogie Bunnies","TRUE"
"Borderlands 2","TRUE"
"Borderlands: The PreSequel","TRUE"
"Brave: The Video Game","TRUE"
"Brink","TRUE"
"Brothers in Arms: Hell's Highway","TRUE"
"Brothers: a Tale of Two Sons","TRUE"
"Brutal Legend","FALSE"
"BUBBLE BOBBLE Neo!","TRUE"
"Buku Sudoku","TRUE"
"Bullet Soul","TRUE"
"Bullet Soul Infinite Burst","TRUE"
"Bullet Witch","TRUE"
"Bulletstorm","TRUE"
"Bully: Scholarship Edition","TRUE"
"Burnout Crash!","TRUE"
"Burnout Paradise","TRUE"
"Burnout Revenge","TRUE"
"Cabela's Adventure Camp","TRUE"
"Cabela's African Safari","TRUE"
"Cabela's Alaskan Adventures","TRUE"
"Cabela's Big Game Hunter  Pro Hunts","TRUE"
"Cabela's Big Game Hunter 2010","TRUE"
"Cabela's Big Game Hunter 2012","TRUE"
"Cabela's Big Game Hunter: Hunting Party","TRUE"
"Cabela's Dangerous Hunts 2009","TRUE"
"Cabela's Dangerous Hunts 2011","TRUE"
"Cabela's Dangerous Hunts 2013","TRUE"
"Cabela's Hunting Expeditions","TRUE"
"Cabela's North American Adventure","TRUE"
"Cabela's Survival: Shadows of Katmai","TRUE"
"Cabela's Trophy Bucks","TRUE"
"Cabela’s African Adventures","TRUE"
"Caladrius","TRUE"
"Call of Duty 4: Modern Warfare","TRUE"
"Call of Duty Classic","TRUE"
"Call of Duty: Advanced Warfare","TRUE"
"Call of Duty: Black Ops II","TRUE"
"Call of Duty: Black Ops III","TRUE"
"Call of Duty: Modern Warfare 2","TRUE"
"Call of Duty: Modern Warfare 3","TRUE"
"Call of Juarez","TRUE"
"Call Of Juarez : The Cartel","TRUE"
"CAPSIZED","TRUE"
"Captain America: Super Soldier","TRUE"
"Carrier Command: Gaea Mission","TRUE"
"Cars","TRUE"
"Cars 2: The Video Game","TRUE"
"Cars: MaterNational","TRUE"
"Cars: RaceORama","TRUE"
"Cartoon Network Punch Time Explosion XL","TRUE"
"Castlevania Harmony of Despair","TRUE"
"Castlevania: Lords of Shadow","TRUE"
"Castlevania: Lords of Shadow  Mirror of Fate HD","TRUE"
"Castlevania: Lords Of Shadow 2","TRUE"
"Catherine","TRUE"
"CellFactor: Psychokinetic Wars","TRUE"
"Champion Jockey: G1 Jockey & Gallop Racer","TRUE"
"Charlie Murder","TRUE"
"Check vs Mate","TRUE"
"Chessmaster Live","TRUE"
"Child of Eden","TRUE"
"Child of Light","TRUE"
"Chime","TRUE"
"Chivalry: Medieval Warfare","TRUE"
"Choplifter HD","TRUE"
"Chromehounds","TRUE"
"Chronicles of Riddick: Assault on Dark Athena","TRUE"
"Civil War: Secret Missions","TRUE"
"Clan of Champions","TRUE"
"CLASH OF THE TITANS","TRUE"
"Clive Barker's Jericho","TRUE"
"Cloning Clyde","TRUE"
"Cloudberry Kingdom","TRUE"
"Cloudy With a Chance of Meatballs","TRUE"
"Cobalt","TRUE"
"Coffeetime Crosswords","TRUE"
"College Hoops 2K6","TRUE"
"College Hoops 2K7","TRUE"
"College Hoops 2K8","TRUE"
"Command & Conquer 3: Kane's Wrath","TRUE"
"Command & Conquer Read Alert 3: Commander's Challenge","TRUE"
"Command & Conquer Red Alert 3","TRUE"
"Command & Conquer Red Alert 3 Commander’s Challenge","TRUE"
"Commanders: Attack of the Genos","TRUE"
"Conan","TRUE"
"Condemned 2: Bloodshot","TRUE"
"Conflict: Denied Ops","TRUE"
"Constant C","TRUE"
"Contra","TRUE"
"Contrast","TRUE"
"Costume Quest","TRUE"
"Costume Quest 2","TRUE"
"Country Dance All Stars","TRUE"
"Crackdown","TRUE"
"Crackdown 2","TRUE"
"Crash Mind Over Mutant","TRUE"
"Crash Of The Titans","TRUE"
"Crazy Machines Elements","TRUE"
"CrazyMouse","TRUE"
"Create","TRUE"
"Crimson Alliance","TRUE"
"Crysis","TRUE"
"Crysis 2","TRUE"
"Crysis 3","TRUE"
"CSI: Deadly Intent","TRUE"
"CSI: Fatal Conspiracy","TRUE"
"CSIHard Evidence","TRUE"
"Culdcept Saga","TRUE"
"Damage Inc.  Pacific Squadron WWII","TRUE"
"Damnation","TRUE"
"Dance Dance Revolution Universe","TRUE"
"Dance Dance Revolution Universe 2","TRUE"
"Dance Dance Revolution Universe 3","TRUE"
"Dance Paradise","TRUE"
"DanceDanceRevolution","TRUE"
"DanceMasters","TRUE"
"Dancing Stage Universe","TRUE"
"Dancing Stage Universe 2","TRUE"
"Dante's Inferno","TRUE"
"DARK","TRUE"
"Dark Messiah of Might and Magic: Elements","TRUE"
"Dark Sector","TRUE"
"DARK SOULS II","TRUE"
"Darkest of Days","TRUE"
"Darksiders","TRUE"
"Darksiders II","TRUE"
"Darkstalkers Resurrection","TRUE"
"DarkStar One","TRUE"
"Darwinia+","TRUE"
"Dash of Destruction","TRUE"
"DAYTONA USA","TRUE"
"Dead Block","TRUE"
"Dead Island","TRUE"
"Dead Island Riptide","TRUE"
"Dead or Alive 4","TRUE"
"Dead or Alive 5","TRUE"
"Dead or Alive 5 Last Round","TRUE"
"Dead or Alive Xtreme 2","TRUE"
"Dead Rising","TRUE"
"Dead Rising 2","TRUE"
"DEAD RISING 2 OFF THE RECORD","TRUE"
"Dead Space 2","TRUE"
"Dead Space 3","TRUE"
"Dead Space Ignition","TRUE"
"Dead to Rights: Retribution","TRUE"
"Deadfall Adventures","TRUE"
"Deadliest Catch: Alaskan Storm","TRUE"
"Deadliest Warrior","TRUE"
"Deadliest Warrior: Ancient Combat","TRUE"
"Deadliest Warrior: Battlegrounds","TRUE"
"Deadlight","TRUE"
"DEADLY PREMONITION","TRUE"
"Deadpool","TRUE"
"DEATH BY CUBE","TRUE"
"Death Tank","TRUE"
"Deathsmiles","TRUE"
"Deathsmiles II","TRUE"
"DEATHSMILES NA","TRUE"
"DeathSmiles2 X","TRUE"
"DeathSpank","TRUE"
"DeathSpank: The Baconing","TRUE"
"Deep Black  Ep. 1","TRUE"
"Deep Black  Episode 1","TRUE"
"Def Jam Rapstar","TRUE"
"DEF JAM: ICON","TRUE"
"Defenders of Ardania","TRUE"
"Defense Technica","TRUE"
"Defiance","TRUE"
"Destiny","TRUE"
"Destiny: The Taken King  Digital Collector's Edition","TRUE"
"Destiny: The Taken King  Legendary Edition","TRUE"
"Destroy All Humans! Path of the Furon","TRUE"
"Devil May Cry 4","TRUE"
"Devil May Cry HD Collection","TRUE"
"Diablo III: Reaper of Souls","TRUE"
"Diabolical Pitch","TRUE"
"Digimon: All-Star Rumble","TRUE"
"DiRT","TRUE"
"DiRT 2","TRUE"
"Dishonored","TRUE"
"Disney Bolt","TRUE"
"Disney Epic Mickey 2: The Power of Two","TRUE"
"Disney Infinity","TRUE"
"Disney Infinity (2.0 Edition)","TRUE"
"Disney Infinity 3.0 Edition","TRUE"
"Disney Sing It","TRUE"
"Disney Sing It HSM3","TRUE"
"Disney Universe","TRUE"
"Disney's Bolt","TRUE"
"Disney/Pixar:  Brave The Video Game","TRUE"
"Divinity II","TRUE"
"Divinity II  The Dragon Knight Saga","TRUE"
"DmC Devil May Cry","TRUE"
"DoDonPachi Dai Ou Jou Black Label Extra","TRUE"
"Dogfight 1942","TRUE"
"Dollar Dash","TRUE"
"Don King Presents Prizefighter","TRUE"
"Double D Dodgeball","TRUE"
"Double Dragon II –the wander of Dragons","TRUE"
"Double Fine Happy Action Theater","TRUE"
"Dragon Age 2","TRUE"
"Dragon Age: Inquisition","TRUE"
"Dragon Age: Origins","TRUE"
"DRAGON BALL XENOVERSE","TRUE"
"Dragon Ball Z Budokai HD Collection","TRUE"
"Dragon Ball Z Ultimate Tenkaichi","TRUE"
"Dragon Ball Z: Battle of Z","FALSE"
"Dragon Ball Z: BURST LIMIT","TRUE"
"Dragon Ball: Raging Blast","TRUE"
"Dragon Ball: Raging Blast 2","TRUE"
"Dragon's Dogma: Dark Arisen","TRUE"
"Dreamcast Collection","TRUE"
"Dreamkiller","TRUE"
"DreamWorks Kartz","TRUE"
"Driver San Francisco","TRUE"
"Droplitz","TRUE"
"Duck Dynasty","TRUE"
"Duke Nukem 3D","TRUE"
"Duke Nukem Forever","TRUE"
"Dumbo","TRUE"
"Dungeon Defenders","TRUE"
"Dungeon Fighter LIVE: Fall Of Hendon Myre","TRUE"
"Dungeons & Dragons Daggerdale","TRUE"
"Dust: An Elysian Tail","FALSE"
"Dustforce","TRUE"
"Dynasty Warriors 5 Empires","FALSE"
"DYNASTY WARRIORS 6","FALSE"
"Dynasty Warriors 6 Empires","FALSE"
"Dynasty Warriors 7","TRUE"
"Dynasty Warriors 8","TRUE"
"Dynasty Warriors: GUNDAM 2","TRUE"
"Dynasty Warriors: Gundam 3","TRUE"
"Dynasty Warriors: Strikeforce","TRUE"
"Dynasty Warriors:GUNDAM","TRUE"
"EA SPORTS 2014 FIFA World Cup Brazil","TRUE"
"EA SPORTS FIFA 15","TRUE"
"EA SPORTS FIFA 16","TRUE"
"EA SPORTS FIFA 17 Standard Edition","TRUE"
"EA SPORTS FIFA Street","TRUE"
"EA SPORTS Grand Slam Tennis 2","TRUE"
"EA SPORTS MMA","TRUE"
"EA SPORTS NHL Legacy Edition","TRUE"
"Earth Defense Force 2025","TRUE"
"Earth Defense Force: Insect Armageddon","TRUE"
"EarthDefenseForce 2017","TRUE"
"Ecco the Dolphin","TRUE"
"Eets: Chowdown","FALSE"
"El Shaddai  ASCENSION OF THE METATRON","TRUE"
"Elements Of Destruction","TRUE"
"Enchanted Arms","TRUE"
"End of Eternity","TRUE"
"Enemy Front","TRUE"
"Enslaved: Odyssey to the West","TRUE"
"Eragon","TRUE"
"Escape Dead Island","TRUE"
"Espn 2k5","TRUE"
"ET: QUAKE Wars","TRUE"
"Eternal Sonata","TRUE"
"Every Party","TRUE"
"EXIT","TRUE"
"EXIT 2","TRUE"
"F.E.A.R.","TRUE"
"F.E.A.R. 2","TRUE"
"F.E.A.R. 3","TRUE"
"F1 2010","TRUE"
"F1 2011","TRUE"
"F1 2012","TRUE"
"F1 2013","TRUE"
"F1 2014","TRUE"
"F1 RACE STARS","TRUE"
"Fable Heroes","TRUE"
"Fable II Pub Games","TRUE"
"Fable Trilogy","TRUE"
"Fable: Anniversary","TRUE"
"FaceBreaker","TRUE"
"Falling Skies: The Game","TRUE"
"Family Feud","TRUE"
"Family Game Night","TRUE"
"Family Game Night 4: The Game Show","TRUE"
"Family Guy: BT","TRUE"
"Fantastic Pets","TRUE"
"Far Cry 2","TRUE"
"Far Cry 3","TRUE"
"Far Cry 4","TRUE"
"Far Cry Classic","TRUE"
"Far Cry Instincts: Predator","TRUE"
"Farming Simulator","TRUE"
"Farming Simulator 15","TRUE"
"Fast & Furious: Showdown","TRUE"
"Fatal Fury Special","TRUE"
"Fatal Inertia","TRUE"
"Fez","TRUE"
"Field & Stream T.O.C.","TRUE"
"Field Goal Contest","TRUE"
"FIFA 06 Road to FIFA World Cup","TRUE"
"FIFA 07","TRUE"
"FIFA 10","TRUE"
"FIFA 12","TRUE"
"FIFA 14","TRUE"
"FIFA Soccer 11","TRUE"
"FIFA Soccer 13","TRUE"
"FIFA Street 3","TRUE"
"FIGHT NIGHT CHAMPION","TRUE"
"Fight Night Round 3","TRUE"
"Fight Night Round 4","TRUE"
"Fighting Vipers","TRUE"
"Final Exam","TRUE"
"FINAL FANTASY XIII","TRUE"
"FINAL FANTASY XIII2","TRUE"
"Fire Pro Wrestling","TRUE"
"Fireburst","TRUE"
"Fist of the North Star: Ken's Rage","TRUE"
"Fist of the North Star: Ken’s rage 2","TRUE"
"Forgotten Wars","TRUE"
"Forza Horizon 2","TRUE"
"Forza Horizon 2 Presents Fast & Furious","TRUE"
"Forza Motorsport 2","TRUE"
"Forza Motorsport 3","TRUE"
"Forza Motorsport 4","TRUE"
"Fracture","TRUE"
"Freefall Racers","TRUE"
"Frogger: Hyper Arcade Edition","TRUE"
"From Dust","TRUE"
"Front Mission Evolved","TRUE"
"Frontlines: Fuel of War","TRUE"
"Frozen Free Fall: Snowball Fight","TRUE"
"FUEL","TRUE"
"Full Auto","TRUE"
"Full House Poker","TRUE"
"Fuse","TRUE"
"Fusion: Genesis","TRUE"
"Fuzion Frenzy 2","TRUE"
"G.I. JOE","TRUE"
"Game of Thrones","TRUE"
"Game of Thrones  A Telltale Games Series","TRUE"
"Game of Thrones: A Telltale Game Series","TRUE"
"Game Room","TRUE"
"Gel","TRUE"
"Generator Rex","TRUE"
"Geometry Wars 3: Dimensions Evolved","TRUE"
"Geometry Wars: Retro Evolved 2","TRUE"
"Geon","TRUE"
"Geon: Emotions","TRUE"
"GForce","TRUE"
"Ghostbusters","TRUE"
"GHP2","TRUE"
"Giana Sisters: Twisted Dreams","TRUE"
"Gin Rummy","TRUE"
"Girl Fight","TRUE"
"Goat Simulator","TRUE"
"God Mode","TRUE"
"Golden Axe:Beast Rider","TRUE"
"GoldenEye Reloaded","TRUE"
"Golf: Tee It Up!","TRUE"
"Goosebumps: The Game","TRUE"
"Gotham City Impostors","TRUE"
"Grand Theft Auto IV","TRUE"
"Grand Theft Auto V","TRUE"
"Grand Theft Auto: San Andreas","TRUE"
"Great Battles Medieval","TRUE"
"Greed Corp","TRUE"
"Green Lantern: Rise of the Manhunters","TRUE"
"Greg Hastings Paintball 2","TRUE"
"GRID","TRUE"
"GRID Autosport","TRUE"
"Guacamelee! Super Turbo Championship Edition","TRUE"
"Guardians of Middleearth","TRUE"
"GUILTY GEAR 2","TRUE"
"Guilty Gear 2: Overture","TRUE"
"GUILTY GEAR XX ΛCORE PLUS","TRUE"
"Guitar Hero Live","TRUE"
"Gun","TRUE"
"Guncraft: Blocked and Loaded","TRUE"
"Gyromancer","TRUE"
"Gyruss","TRUE"
"Hail to the Chimp","TRUE"
"Halo 3","TRUE"
"Halo 3: ODST","TRUE"
"Halo 4","TRUE"
"Handball 16","TRUE"
"Hannah Montana The Movie","TRUE"
"Happy Feet Two: The Videogame","TRUE"
"Happy Tree Friends False Alarm","TRUE"
"Happy Wars","TRUE"
"Hard Corps: Uprising","TRUE"
"Harms Way","TRUE"
"Harry Potter and the Deathly Hallows  Part 1","TRUE"
"Harry Potter and the Deathly Hallows  Part 2","TRUE"
"Harry Potter and the Deathly Hallows: Part I","TRUE"
"Harry Potter and the Half-Blood Prince","TRUE"
"Harry Potter and the Order of the Phoenix","TRUE"
"Hasbro Family Game Night 3","TRUE"
"Hasbro Family Game Night 4: The Game Show","TRUE"
"Haunt","TRUE"
"Haunted House","TRUE"
"HELL YEAH! Wrath of the Dead Rabbit","TRUE"
"Hellboy: TSoE","TRUE"
"Heroes Over Europe","TRUE"
"HEXODIUS","TRUE"
"High School Musical 3: Senior Year Dance","TRUE"
"HISTORY: Legends of War","TRUE"
"Hitman: Absolution","TRUE"
"Hitman: Blood Money","TRUE"
"Home Run Stars","TRUE"
"Homefront","TRUE"
"Hot Wheels World’s Best Driver","TRUE"
"Hour of Victory","TRUE"
"How to Survive","TRUE"
"How To Train Your Dragon 2","TRUE"
"HowToTrainYourDragon","TRUE"
"Hunted Demons Forge","TRUE"
"Hunter's Trophy 2  America","TRUE"
"Hunter's Trophy 2  Australia","TRUE"
"Hunter's Trophy 2: Europa","TRUE"
"Hybrid","TRUE"
"Hydrophobia","TRUE"
"I Am Super!","TRUE"
"I MAED A GAM3 W1TH Z0MBIES 1N IT!!!1","TRUE"
"Ice Age: Dawn of the Dinosaurs","TRUE"
"IHF Handball Challenge 14","TRUE"
"IL2 Sturmovik: Birds of Prey","TRUE"
"IL2: Birds of Prey","TRUE"
"ilomilo","TRUE"
"Import Tuner Challenge","TRUE"
"Indianapolis 500: Evolution","TRUE"
"Infernal","TRUE"
"Inferno Pool","TRUE"
"Infinite Undiscovery","TRUE"
"Injustice: Gods Among Us","TRUE"
"Insanely Twisted Shadow Planet","TRUE"
"Inversion","TRUE"
"Iron Man","TRUE"
"Iron Man 2","TRUE"
"Islands of Wakfu","TRUE"
"Jam Live Music Arcade","TRUE"
"James Bond 007: Blood Stone","TRUE"
"James Cameron's Avatar","TRUE"
"Jane's Advanced Strike Fighters","TRUE"
"JD Disney Party","TRUE"
"Jeopardy!","TRUE"
"Jet Car Stunts","TRUE"
"Jewel Quest","TRUE"
"Jillian Michaels' Fitness Adventure","TRUE"
"Jimmie Johnson's Anything With An Engine","TRUE"
"Jonah Lomu Rugby Challenge","TRUE"
"JUJU","TRUE"
"Junk Fu","FALSE"
"Jurassic: The Hunted","TRUE"
"Just Cause","TRUE"
"Just Dance 2014","TRUE"
"Just Dance 2015","TRUE"
"Just Dance 2016","TRUE"
"Just Dance Disney Party 2","TRUE"
"Just Dance Kids 2014","TRUE"
"Kane and Lynch: Dead Men","TRUE"
"Karaoke","TRUE"
"Karaoke Revolution","TRUE"
"Karaoke Revolution Glee:  Volume 3","TRUE"
"Karateka","TRUE"
"Kengo: Legend of the 9","TRUE"
"Ketsui: Kizuna Jigoku Tachi EXTRA","TRUE"
"King Kong","TRUE"
"King's Quest  Chapter 1: A Knight to Remember","TRUE"
"King’s Quest: The Complete Collection","TRUE"
"Kingdom Under Fire: Circle of Doom","TRUE"
"Kingdoms of Amalur: Reckoning","FALSE"
"Knights Contract","FALSE"
"KR: AI Encore","FALSE"
"KR: AI Encore 2","TRUE"
"Kung Fu Panda","TRUE"
"Kung Fu Panda Showdown of Legendary Legends","TRUE"
"Kung Fu Strike","TRUE"
"KungFu High Impact","TRUE"
"L.A. Noire","TRUE"
"Lara Croft and the Guardian of Light","TRUE"
"Leedmees","TRUE"
"Legend of Kay Anniversary","TRUE"
"Legend of Spyro","TRUE"
"Legend of the Guardians","TRUE"
"Legendary","TRUE"
"Legends of War","TRUE"
"LEGO Batman 2:  DC Super Heroes","TRUE"
"LEGO BATMAN 3: BEYOND GOTHAM","TRUE"
"LEGO Dimensions","TRUE"
"LEGO Harry Potter: Years 1-4","TRUE"
"LEGO Harry Potter: Years 14","TRUE"
"LEGO Harry Potter: Years 57","FALSE"
"LEGO Indiana Jones 2: The Adventure Continues","TRUE"
"LEGO Indiana Jones: The Original Adventures","TRUE"
"LEGO Jurassic World","TRUE"
"LEGO Lord of the Rings  Demo","TRUE"
"LEGO Marvel Super Heroes","TRUE"
"LEGO Marvel's Avengers","TRUE"
"LEGO Star Wars III: The Clone Wars","TRUE"
"LEGO Star Wars: The Force Awakens","TRUE"
"LEGO The Hobbit","TRUE"
"LEGO The Lord of the Rings","TRUE"
"Leisure Suit Larry","TRUE"
"Let's Sing And Dance","TRUE"
"Lets Cheer","TRUE"
"Life Is Strange","TRUE"
"Lightning Returns FFXIII","TRUE"
"LIGHTNING RETURNS: FINAL FANTASY XIII","TRUE"
"Lips","TRUE"
"Lips Music Store","TRUE"
"Lips: Canta en Espanol","TRUE"
"Lips: Deutsche Partyknaller","TRUE"
"Lips: I Love the 80's","TRUE"
"Lips: Party Classics","TRUE"
"Little League World Series 2010","TRUE"
"LLWS2010","TRUE"
"LocoCycle","TRUE"
"Lollipop Chainsaw","TRUE"
"London 2012","TRUE"
"Looney Tunes: AA","TRUE"
"Looney Tunes: Acme Arsenal","TRUE"
"Lord of the Rings: Battle for Middle-Earth II","TRUE"
"Lord of the Rings: Conquest","TRUE"
"Lost Odyssey","TRUE"
"Lost Planet 2","TRUE"
"Lost Planet 3","TRUE"
"Lost Planet: Extreme Condition","TRUE"
"Lost Via Domus","TRUE"
"LOTG","TRUE"
"Love Football","TRUE"
"Lucha Libre AAA","TRUE"
"Lucidity","TRUE"
"Luxor 2","TRUE"
"Mad Riders","TRUE"
"Mad Tracks","TRUE"
"Madagascar 2","TRUE"
"Madagascar 3: The Video Game","TRUE"
"Madballs Babo:Invasion","TRUE"
"Madden NFL 06","TRUE"
"Madden NFL 07","TRUE"
"Madden NFL 08","TRUE"
"Madden NFL 09","TRUE"
"Madden NFL 10","TRUE"
"Madden NFL 11","TRUE"
"Madden NFL 12","TRUE"
"Madden NFL 13","TRUE"
"Madden NFL 15","TRUE"
"Madden NFL 16","TRUE"
"Madden NFL 17","TRUE"
"Madden NFL 25","TRUE"
"Madden NFL Arcade","TRUE"
"Mafia II","TRUE"
"Magic 2013","TRUE"
"Magic 2014 — Duels of the Planeswalkers","TRUE"
"Magic 2015","TRUE"
"Magic: The Gathering","TRUE"
"MagnaCarta II","TRUE"
"Magnacarta2","TRUE"
"Magrunner: Dark Pulse","TRUE"
"Majin and the Forsaken Kingdom","TRUE"
"Marathon: Durandal","TRUE"
"Mark of the Ninja","TRUE"
"Marlow Briggs and the Mask of the Death","TRUE"
"Mars Rover Landing","TRUE"
"Marvel Puzzle Quest: Dark Reign","TRUE"
"Marvel Super Hero Squad: Comic Combat","TRUE"
"Marvel: Ultimate Alliance","TRUE"
"Marvel: Ultimate Alliance 2","TRUE"
"Masquerade: Bauble of Doom","TRUE"
"Matt Hazard: Blood Bath and Beyond","TRUE"
"Max Payne 3","TRUE"
"Max: The Curse of Brotherhood","TRUE"
"Medal of Honor","TRUE"
"Medal of Honor Warfighter","TRUE"
"Medal of Honor: Airborne","TRUE"
"Meet the Robinsons","TRUE"
"MEGA MAN 10","TRUE"
"MEGA MAN 9","TRUE"
"MegaMind: Ultimate Showdown","TRUE"
"Mercenaries 2","TRUE"
"Mercury Hg","TRUE"
"Merv Griffin's Crosswords","TRUE"
"Merv Griffin's Xwords","TRUE"
"METAL GEAR RISING: REVENGEANCE","TRUE"
"Metal Gear Solid HD Collection","TRUE"
"METAL GEAR SOLID PEACE WALKER HD EDITION","TRUE"
"METAL GEAR SOLID V: GROUND ZEROES","TRUE"
"METAL GEAR SOLID V: THE PHANTOM PAIN","TRUE"
"METEOS WARS","TRUE"
"Metro 2033","TRUE"
"Metro: Last Light","TRUE"
"Michael Phelps: Push The Limit","TRUE"
"miCoach","TRUE"
"MicroBot","TRUE"
"Middleearth: Shadow of Mordor","TRUE"
"Midnight Club: LA","TRUE"
"Midway Arcade Origins","TRUE"
"Might & Magic: Duel of Champions  Forgotten Wars","TRUE"
"Mighty No. 9","TRUE"
"Military Madness","TRUE"
"Military Madness: Nectaris","TRUE"
"Mindjack","TRUE"
"Minecraft: Story Mode  A Telltale Games Series","TRUE"
"Minecraft: Xbox 360 Edition","TRUE"
"Minesweeper Flags","TRUE"
"MINI NINJAS","TRUE"
"Mini Ninjas Adventures","TRUE"
"Mobile Ops: The One Year War","TRUE"
"Momotaro Dentetsu 16 GOLD","TRUE"
"MONOPOLY","TRUE"
"MONOPOLY DEAL","TRUE"
"MONOPOLY Streets","TRUE"
"Monster High: New Ghoul in School","TRUE"
"Monster Jam Path of Destruction","TRUE"
"Monster Jam: Battlegrounds","TRUE"
"Monster Madness","TRUE"
"Monsters vs. Aliens","TRUE"
"MOON DIVER","TRUE"
"MorphX","TRUE"
"Mortal Kombat","TRUE"
"Mortal Kombat Arcade Kollection","TRUE"
"Mortal Kombat vs. DC Universe","TRUE"
"Mortal Kombat X","TRUE"
"Motion Explosion!","TRUE"
"MotionSports: Adrenaline","TRUE"
"MotoGP '06","TRUE"
"MotoGP 07","TRUE"
"MotoGP 08","TRUE"
"MotoGP14","TRUE"
"MotoGP15","TRUE"
"MUD  FIM Motocross World Championship","TRUE"
"MURDERED: SOUL SUSPECT","TRUE"
"Mushihimesama Futari","TRUE"
"Musical Feet","TRUE"
"Mutant Storm Empire","TRUE"
"Mutant Storm Reloaded","TRUE"
"Mutation Station","TRUE"
"MX VS ATV Supercross","TRUE"
"MX vs. ATV Alive","TRUE"
"MX vs. ATV: Untamed","TRUE"
"MXGP  The Official Motocross Videogame","TRUE"
"My Body Coach 3","TRUE"
"MySims SkyHeroes","TRUE"
"nail'd","TRUE"
"Namco Museum Virtual Arcade","TRUE"
"Narco Terror","TRUE"
"Naruto Shippuden: Ultimate Ninja Storm 2","TRUE"
"Naruto Shippuden: Ultimate Ninja Storm 3","TRUE"
"Naruto Shippuden: Ultimate Ninja Storm 3 Full Burst","TRUE"
"Naruto Shippuden: Ultimate Ninja Storm Generations","TRUE"
"NARUTO SHIPPUDEN: Ultimate Ninja STORM Revolution","TRUE"
"Naruto: Rise of a Ninja","TRUE"
"Naruto: The Broken Bond","TRUE"
"NASCAR '15","TRUE"
"NASCAR 08","TRUE"
"NASCAR 09","TRUE"
"NASCAR Inside Line","TRUE"
"NASCAR Unleashed","TRUE"
"National Geographic Challenge!","TRUE"
"Naughty Bear","TRUE"
"Naughty Bear Panic in Paradise","TRUE"
"Naval Assault: The Killing Tide","TRUE"
"NBA 2K12","TRUE"
"NBA 2K13","TRUE"
"NBA 2K14","TRUE"
"NBA 2K15","TRUE"
"NBA 2K16","TRUE"
"NBA 2K17","TRUE"
"NBA 2K6","TRUE"
"NBA 2K7","TRUE"
"NBA 2K8","TRUE"
"NBA 2K9","TRUE"
"NBA Ballers:Chosen One","TRUE"
"NBA JAM","TRUE"
"NBA LIVE 06","TRUE"
"NBA LIVE 07","TRUE"
"NBA LIVE 09","TRUE"
"NBA LIVE 10","TRUE"
"NCAA Basketball 09","TRUE"
"NCAA Basketball 09 March Madness Edition","TRUE"
"NCAA Basketball 10","TRUE"
"NCAA Football 07","TRUE"
"NCAA Football 08","TRUE"
"NCAA Football 09","TRUE"
"NCAA Football 10","TRUE"
"NCAA Football 11","TRUE"
"NCAA Football 12","TRUE"
"NCAA Football 13","TRUE"
"NCAA Football 14","TRUE"
"NCAA March Madness07","TRUE"
"NCAA March Madness08","TRUE"
"NCIS Game","FALSE"
"Need for Speed Carbon","TRUE"
"Need for Speed Hot Pursuit","TRUE"
"Need For Speed ProStreet","TRUE"
"Need for Speed Rivals","TRUE"
"Need for Speed SHIFT","TRUE"
"NEED FOR SPEED THE RUN","TRUE"
"Need for Speed: Most Wanted","TRUE"
"Need for Speed: Undercover","TRUE"
"NeverDead","TRUE"
"NFL Blitz","TRUE"
"NFL Head Coach 09","TRUE"
"NFL Tour","TRUE"
"NHL  15","TRUE"
"NHL 07","TRUE"
"NHL 08","TRUE"
"NHL 09","TRUE"
"NHL 10","TRUE"
"NHL 11","TRUE"
"NHL 2K10","TRUE"
"NHL 2K6","TRUE"
"NHL 2K7","TRUE"
"NHL 2K8","TRUE"
"NHL 2K9","TRUE"
"NHL12","TRUE"
"NHL13","TRUE"
"NHL14","TRUE"
"Nickelodeon Dance","TRUE"
"Nickelodeon Dance 2","TRUE"
"Nickelodeon Teenage Mutant Ninja Turtles","TRUE"
"NIER","TRUE"
"Night at the Museum2","TRUE"
"NinetyNine Nights","TRUE"
"NinetyNine Nights II","TRUE"
"NinetyNine Nights/JP","TRUE"
"NinetyNine NightsⅡ/NA","TRUE"
"NINJA BLADE","TRUE"
"NINJA GAIDEN 2","TRUE"
"NINJA GAIDEN 3","TRUE"
"NINJA GAIDEN 3: Razor's Edge","TRUE"
"Novadrome","FALSE"
"NPPL Championship Paintball 2009","TRUE"
"Omega Five","TRUE"
"Omerta  City of Gangsters","TRUE"
"Onechanbara","TRUE"
"Onechanbara: Bikini Samurai Squad","TRUE"
"Open Season","TRUE"
"Operation Darkness","TRUE"
"Operation Darkness(NA)","TRUE"
"Operation Flashpoint: Red River","TRUE"
"Orc Attack: Flatulent Rebellion","TRUE"
"Orcs Must Die!","TRUE"
"Otomedius Excellent","TRUE"
"Otomedius G","TRUE"
"Outdoor Adventures","TRUE"
"Outpost Kaloki X","TRUE"
"Outrun Online Arcade","TRUE"
"Over G Fighters","TRUE"
"Overlord","TRUE"
"Overlord II","TRUE"
"Pacific Rim","TRUE"
"PACMAN and the Ghostly Adventures","TRUE"
"PACMAN and the Ghostly Adventures 2","TRUE"
"Painkiller Hell & Damnation","TRUE"
"Panzer General Allied Assault","TRUE"
"PAYDAY 2","TRUE"
"Peggle  2","TRUE"
"Penalty Saver","TRUE"
"Penguins of Madagascar: Dr. Blowhole Returns - Again","TRUE"
"Penny Arcade Adventures: Episode One","TRUE"
"Penny Arcade Adventures: Episode Two","TRUE"
"Persona 4 Arena","TRUE"
"Persona 4 Arena Ultimax","TRUE"
"Phantasy Star Universe","TRUE"
"Phantom Breaker","TRUE"
"Phantom Breaker:Battle Grounds Cocoa's Nightmare Attack","TRUE"
"Phineas and Ferb: Quest for Cool Stuff","TRUE"
"Pictionary: Ultimate Edition","TRUE"
"Pid","TRUE"
"Pinball Arcade","TRUE"
"Pinball FX2","TRUE"
"Pinball Hall of Fame: The Williams Collection","TRUE"
"Ping Pong","TRUE"
"Pirates of the Caribbean: At World's End","TRUE"
"Planet 51","TRUE"
"Planets Under Attack","TRUE"
"Plants vs Zombies: Garden Warfare","TRUE"
"Poker Night 2","TRUE"
"Poker Smash","TRUE"
"Polar Panic","TRUE"
"Pool Nation","TRUE"
"Port Royale 3","TRUE"
"Port Royale 3 Pirates & Merchants","TRUE"
"PowerUp Forever","TRUE"
"PowerUp Heroes","TRUE"
"Prey","TRUE"
"Prince of Persia Classic","TRUE"
"Prince of Persia The Forgotten Sands","TRUE"
"Prison Architect: Xbox 360 Edition","TRUE"
"Prison Break: The Conspiracy","TRUE"
"Prize Driver","TRUE"
"Pro Evolution Soccer 2007","TRUE"
"Pro Evolution Soccer 2008","TRUE"
"Pro Evolution Soccer 2009","TRUE"
"Pro Evolution Soccer 2010","TRUE"
"Pro Evolution Soccer 2011","TRUE"
"Pro Evolution Soccer 2012","TRUE"
"Pro Evolution Soccer 2013","TRUE"
"Pro Evolution Soccer 2014","TRUE"
"Pro Evolution Soccer 2015","TRUE"
"Pro Evolution Soccer 2016","TRUE"
"Pro Evolution Soccer 2017","TRUE"
"Project Gotham Racing 3","TRUE"
"Project Gotham Racing 4","TRUE"
"Project Sylpheed","TRUE"
"Prototype","TRUE"
"PROTOTYPE 2","TRUE"
"Puddle","TRUE"
"Pure","TRUE"
"Pure Futbol","TRUE"
"Puzzle Arcade","TRUE"
"PUZZLE BOBBLE Live!","TRUE"
"Puzzle Chronicles","TRUE"
"Quake 2","TRUE"
"QUAKE 4","TRUE"
"Quake Arena Arcade","TRUE"
"Quantum Conundrum","TRUE"
"QUANTUM THEORY","TRUE"
"Quarrel","TRUE"
"R.B.I. Baseball 14","TRUE"
"R.I.P.D.: The Game","TRUE"
"R.U.S.E.","TRUE"
"Rabbids Invasion: The Interactive TV Show","TRUE"
"Race Pro","TRUE"
"Radiant Silvergun","TRUE"
"RAIDEN FIGHTERS ACES","TRUE"
"Raiden IV","TRUE"
"RAINBOW ISLANDS: TOWERING ADVENTURE!","TRUE"
"Rango","TRUE"
"Raskulls","TRUE"
"Ratatouille","TRUE"
"RAW  Realms of Ancient War","TRUE"
"Rayman Legends","TRUE"
"Rayman Raving Rabbids","TRUE"
"RAYSTORM HD","TRUE"
"Reaction Rally","TRUE"
"REAL STEEL","TRUE"
"Record of Agarest War","TRUE"
"Record of Agarest War Zero","TRUE"
"Red Faction: Armageddon","TRUE"
"Red Faction: Guerrilla","TRUE"
"Red Johnson's Chronicles  One Against All","TRUE"
"Rekoil: Liberator","TRUE"
"Remember Me","TRUE"
"Renegade Ops","TRUE"
"Resident Evil","TRUE"
"Resident Evil 0","TRUE"
"Resident Evil 4","TRUE"
"Resident Evil 5","TRUE"
"RESIDENT EVIL 6","TRUE"
"RESIDENT EVIL CODE: Veronica X","TRUE"
"Resident Evil Operation Raccoon City","TRUE"
"RESIDENT EVIL REVELATIONS","TRUE"
"Resident Evil Revelations 2","TRUE"
"Resonance of Fate","TRUE"
"Retro City Rampage: DX","TRUE"
"Rez HD","TRUE"
"RIDE","TRUE"
"Ride to Hell: Retribution","TRUE"
"Ridge Racer 6","TRUE"
"Ridge Racer Unbounded","TRUE"
"Rio","TRUE"
"Rise of the Argonauts","TRUE"
"RISE OF THE GUARDIANS","TRUE"
"Rise of the Tomb Raider","TRUE"
"Risen","TRUE"
"Risen 2: Dark Waters","TRUE"
"Risen 3 Titan Lords","TRUE"
"RISK","TRUE"
"Risk Urban Assault","TRUE"
"RoboBlitz","TRUE"
"Rock of Ages","TRUE"
"Rock of the Dead","TRUE"
"Rocket Bowl","TRUE"
"Rocket Knight","TRUE"
"Rocket Riot","TRUE"
"Rocketmen:Axis of Evil","TRUE"
"Rocksmith","TRUE"
"Rockstar Table Tennis","TRUE"
"Rogue Warrior","TRUE"
"Roogoo","TRUE"
"Rotastic","TRUE"
"Rugby Challenge 2  The Lions Tour Edition","TRUE"
"Rugby Challenge 3","TRUE"
"Rugby League Live 3","TRUE"
"Rugby World Cup 2011","TRUE"
"Rugby World Cup 2015","TRUE"
"Rumble Roses XX","TRUE"
"Rush'n Attack","TRUE"
"Rush’N Attack: ExPatriot","TRUE"
"Saban's Power Rangers Super Samurai","TRUE"
"Sacred 2 Fallen Angel","TRUE"
"Saints Row","TRUE"
"Saints Row 2","TRUE"
"Saints Row: Gat Out of Hell","TRUE"
"Saints Row: The Third","TRUE"
"Samurai Shodown: Sen","TRUE"
"SAMURAI WARRIORS 2","TRUE"
"Samurai Warriors 2 Empires","TRUE"
"Sanctum 2","TRUE"
"Sandlot Sluggers","TRUE"
"Saw","TRUE"
"SAW II","TRUE"
"SBK 08","TRUE"
"SBK 09","TRUE"
"SBK SuperBike World Championship","TRUE"
"SBK X: Superbike World Championship","TRUE"
"SBKX","TRUE"
"Scene It? Box Office Smash","TRUE"
"Scene It? Lights, Camera, Action","TRUE"
"Scene It? Movie Night","TRUE"
"Schizoid","TRUE"
"Scott Pilgrim vs. The World","TRUE"
"Scourge: Outbreak","TRUE"
"Scramble","TRUE"
"Scrap Metal","TRUE"
"ScreamRide","TRUE"
"Screwjumper!","TRUE"
"Sea Life Safari","TRUE"
"Secret Service","TRUE"
"Section 8","TRUE"
"Section 8: Prejudice","TRUE"
"Seekers of Adoulin","TRUE"
"SEGA Rally","TRUE"
"Sega Vintage Collection: ToeJam & Earl","TRUE"
"Sensible World of Soccer","TRUE"
"Serious Sam 3: BFE","TRUE"
"Serious Sam Double D XXL","TRUE"
"Serious Sam HD: The First Encounter","TRUE"
"Serious Sam HD: The Second Encounter","TRUE"
"Shadow Assault/Tenchu","FALSE"
"Shadowrun","TRUE"
"Shadows of the Damned","TRUE"
"Shank","TRUE"
"Shaun White Skateboarding","TRUE"
"Shaun White Snowboarding","TRUE"
"Shellshock 2","TRUE"
"Sherlock Holmes vs Jack the Ripper","TRUE"
"Sherlock Holmes: Crimes and Punishments","TRUE"
"SHIFT 2 UNLEASHED","TRUE"
"Shinobi","TRUE"
"Shoot Many Robots","TRUE"
"Shooting Love, 200X","TRUE"
"Shotest Shogi","TRUE"
"Shrek Forever After","TRUE"
"SHReK the THiRD","TRUE"
"Sid Meier's Civilization Revolution","TRUE"
"Silent Hill Homecoming","FALSE"
"Silent Hill:  HD Collection","FALSE"
"SINE MORA","FALSE"
"Singularity","FALSE"
"Skate 2","FALSE"
"skate.","TRUE"
"Ski Race","TRUE"
"SkiDoo Challenge","TRUE"
"Skulls of the Shogun","TRUE"
"Skydive","TRUE"
"SkyDrift","TRUE"
"Skylanders Giants","TRUE"
"Skylanders Imaginators","TRUE"
"Skylanders Spyro's Adventure","TRUE"
"Skylanders SWAP Force","TRUE"
"Skylanders Trap Team","TRUE"
"Sledge Hammer","TRUE"
"Sleeping Dogs","TRUE"
"Slender: The Arrival","TRUE"
"Smackdown vs RAW 2007","TRUE"
"SmackDown vs. RAW 2009","TRUE"
"SmackDown vs. RAW 2010","TRUE"
"SMASH COURT TENNIS 3","TRUE"
"Sniper Elite 3","FALSE"
"Sniper Elite V2","TRUE"
"Sniper Ghost Warrior 2","TRUE"
"Sniper: Ghost Warrior","TRUE"
"Snipers","TRUE"
"Snoopy Flying Ace","TRUE"
"Soldier of Fortune: Payback","TRUE"
"Soltrio Solitaire","TRUE"
"Sonic & SEGA Racing","TRUE"
"Sonic Adventure","TRUE"
"Sonic Adventure 2","TRUE"
"Sonic Generations","TRUE"
"SONIC UNLEASHED","TRUE"
"Sonic's Ultimate Genesis Collection","TRUE"
"Soulcalibur IV","TRUE"
"Soulcalibur V","TRUE"
"SOUTH PARK LET'S GO TOWER DEFENSE PLAY!","TRUE"
"South Park: Tenorman's Revenge","TRUE"
"Space Ark","TRUE"
"Space Channel 5 Part 2","TRUE"
"Space Chimps","TRUE"
"Space Invaders Extreme","TRUE"
"Space Invaders Infinity Gene","TRUE"
"Spare Parts","TRUE"
"Spartacus Legends","TRUE"
"Spec Ops: The Line","TRUE"
"Spectral Force 3: Innocent Rage","TRUE"
"SpiderMan 3","TRUE"
"SpiderMan:Dimensions","TRUE"
"Spiderwick Chronicles","TRUE"
"SPLATTERHOUSE","TRUE"
"Split/Second","TRUE"
"SpongeBob HeroPants","TRUE"
"SpongeBob Sparepants: Underpants Slam!","TRUE"
"SpongeBob Squarepants: Plankton's Robotic Revenge","TRUE"
"SpongeBob: TruthSq.","TRUE"
"SpongeBob's Truth or Square","TRUE"
"Spyglass Board Games","TRUE"
"Stacking","TRUE"
"Star Ocean: The Last Hope","TRUE"
"Star Raiders","TRUE"
"Star Trek","TRUE"
"Star Trek Legacy","TRUE"
"Star Wars: The Clone Wars - Republic Heroes","TRUE"
"State of Decay","TRUE"
"STORM","TRUE"
"Stormrise","TRUE"
"Stranglehold","TRUE"
"Strania  The Stella Machina","TRUE"
"Street Fighter II Hyper Fighting","TRUE"
"Street Fighter III: Third Strike Online Edition","TRUE"
"STREET FIGHTER IV","TRUE"
"STREET FIGHTER X TEKKEN","TRUE"
"Street Trace: NYC","TRUE"
"Streets of Rage 2","TRUE"
"STRIDER","TRUE"
"Stuntman: Ignition","TRUE"
"STX","TRUE"
"Summer Stars 2012","TRUE"
"Super Contra","TRUE"
"Super Hero Squad: The Infinity Gauntlet","TRUE"
"Super Puzzle Fighter II Turbo HD Remix","TRUE"
"Super Street Fighter II Turbo HD Remix","TRUE"
"SUPER STREETFIGHTER IV ARCADE EDITION","TRUE"
"Super Time Force","TRUE"
"Superman Returns","TRUE"
"Superstars V8 Next Challenge","TRUE"
"Supremacy MMA","TRUE"
"Surf's Up","TRUE"
"Swarm","TRUE"
"Switchball","TRUE"
"Syberia 2","TRUE"
"Syndicate","TRUE"
"Takedown:  Red Sabre","TRUE"
"Tales from Space: Mutant Blobs Attack","TRUE"
"Tales from the Borderlands","TRUE"
"Tales of Vesperia","TRUE"
"Tecmo Bowl Throwback","TRUE"
"Teenage Mutant Ninja Turtles: Danger of the Ooze","TRUE"
"Teenage Mutant Ninja Turtles: Mutants in Manhattan","TRUE"
"Teenage Mutant Ninja Turtles: Out of the Shadows","TRUE"
"TEKKEN 6","TRUE"
"Tempest","TRUE"
"Tenchu Z","TRUE"
"Tengai Makyou Ziria: Haruka naru Jipang","TRUE"
"Terraria  Xbox 360 Edition","TRUE"
"Terraria – Xbox 360 Edition","TRUE"
"Test Drive Unlimited","TRUE"
"Test Drive Unlimited 2","TRUE"
"Testament of Sherlock Holmes","TRUE"
"Tetris Splash","TRUE"
"Tetris: The Grand Master Ace","TRUE"
"Texas Cheat'em","TRUE"
"The Adventures of Tintin: The Game","TRUE"
"The AllNew 2011 Outlander Sport","TRUE"
"The Amazing SpiderMan","TRUE"
"The Amazing SpiderMan 2","TRUE"
"The BIGS","TRUE"
"The BIGS 2","TRUE"
"The Bluecoats  North vs South","TRUE"
"The Book of Unwritten Tales 2","TRUE"
"The Bourne Conspiracy","TRUE"
"The Bridge","TRUE"
"The Bureau: XCOM Declassified","TRUE"
"The Chronicles of Narnia: Prince Caspian","TRUE"
"The Club","TRUE"
"The Conveni 200X","TRUE"
"The Crew","TRUE"
"The Cursed Crusade","TRUE"
"The Darkness","TRUE"
"The Darkness II","TRUE"
"The Dishwasher: Dead Samurai","TRUE"
"The Dishwasher: Vampire Smile","TRUE"
"The Elder Scrolls IV: Oblivion","TRUE"
"The Elder Scrolls V: Skyrim","TRUE"
"The Escapists","TRUE"
"The Evil Within","TRUE"
"The Expendables 2 Videogame","TRUE"
"The Fancy Pants Adventures","TRUE"
"The First Templar","TRUE"
"The Godfather","TRUE"
"The Godfather II","TRUE"
"The Golden Compass","TRUE"
"The Idolmaster","TRUE"
"The Idolmaster Live For You!","TRUE"
"The Idolmaster Twins","TRUE"
"The Incredible Hulk","TRUE"
"The King of Fighters 2002 Ultimate Match","TRUE"
"The King of Fighters SKY STAGE","TRUE"
"The King of Fighters XII","TRUE"
"THE KING OF FIGHTERS XIII","TRUE"
"The Last Remnant","TRUE"
"The Legend of Korra","TRUE"
"The Legend of Spyro: A New Beginning","TRUE"
"The LEGO Movie Videogame","TRUE"
"The Lord of the Rings: War in the North","TRUE"
"The Misadventures of PB Winterbottom","TRUE"
"The Outfit","TRUE"
"The Path of Go","TRUE"
"The Peanuts Movie: Snoopy's Grand Adventure","TRUE"
"The Price is Right: Decades","TRUE"
"The Raven  Legacy of a Master Thief Episode 1","TRUE"
"The Saboteur","TRUE"
"The Serious Sam Collection","TRUE"
"The Simpsons Game","TRUE"
"The Sims 3","TRUE"
"The Sims 3: Pets","TRUE"
"The Smurfs 2","TRUE"
"The Splatters","TRUE"
"The UnderGarden","TRUE"
"The Voice","TRUE"
"The Walking Dead","TRUE"
"The Walking Dead: Michonne  Ep. 1, In Too Deep","TRUE"
"The Walking Dead: Season 2","TRUE"
"The Walking Dead: Season One","TRUE"
"The Walking Dead: Season Two","TRUE"
"The Walking Dead: Survival Instinct","TRUE"
"The Warriors: Street Brawl","TRUE"
"The Wolf Among Us","TRUE"
"Thief","TRUE"
"Things on Wheels","TRUE"
"Thor: God of Thunder","TRUE"
"Thrillville: Off the Rails","TRUE"
"Thunder Wolves","TRUE"
"Tiger Woods PGA TOUR 12: The Masters","TRUE"
"Tiger Woods PGA Tour 13","TRUE"
"Tiger Woods PGA Tour 14","TRUE"
"Tiger Woods PGA TOUR06","TRUE"
"TigerWoodsPGATOUR 08","TRUE"
"TigerWoodsPGATOUR 09","TRUE"
"TigerWoodsPGATOUR 10","TRUE"
"TigerWoodsPGATOUR 11","TRUE"
"TigerWoodsPGATOUR07","TRUE"
"Time Pilot","TRUE"
"TimeShift","TRUE"
"TiQal","TRUE"
"Titanfall","TRUE"
"TMNT","TRUE"
"TNA iMPACT!","TRUE"
"TNT Racers","TRUE"
"Tom Clancy's EndWar","TRUE"
"Tom Clancy's Ghost Recon Advanced Warfighter","TRUE"
"Tom Clancy's Ghost Recon Advanced Warfighter 2","TRUE"
"Tom Clancy's Ghost Recon: Future Soldier","TRUE"
"Tom Clancy's H.A.W.X","TRUE"
"Tom Clancy's Splinter Cell Conviction","TRUE"
"Tom Clancy's Splinter Cell Double Agent","TRUE"
"Tom Clancy's Splinter Cell: Blacklist","TRUE"
"Tom Clancys H.A.W.X. 2","TRUE"
"Tomb Raider","TRUE"
"Tomb Raider Underworld","TRUE"
"Tomb Raider: Anniversary","TRUE"
"Tomb Raider:Legend","TRUE"
"Tony Hawk: RIDE","TRUE"
"Tony Hawk's American Wasteland","TRUE"
"Tony Hawk's Pro Skater 5","TRUE"
"Tony Hawk's Pro Skater HD","TRUE"
"Tony Hawk's Proving Ground","TRUE"
"Too Human","TRUE"
"Top Gun: Hard Lock","TRUE"
"Top Hand Rodeo Tour","FALSE"
"Tornado Outbreak","TRUE"
"TotemBall","TRUE"
"Tour de France 2009  The Official Game","TRUE"
"Tour de France 2013","TRUE"
"Tour de France 2013  100th Edition","TRUE"
"Tower Bloxx Deluxe","TRUE"
"Toy Story Mania!","TRUE"
"Toybox Turbos","TRUE"
"Track and Field","TRUE"
"TRANSFORMERS: Dark of the Moon","TRUE"
"TRANSFORMERS: Devastation","TRUE"
"TRANSFORMERS: Fall of Cybertron","TRUE"
"Transformers: Revenge of the Fallen","TRUE"
"TRANSFORMERS: Rise of the Dark Spark","TRUE"
"Transformers: The Game","TRUE"
"Transformers: War for Cybertron","TRUE"
"Trials Evolution","TRUE"
"Trials Fusion","FALSE"
"Trine 2","FALSE"
"Trivial Pursuit","FALSE"
"Trivial Pursuit Live!","FALSE"
"TRON","TRUE"
"Tropico 3","TRUE"
"Tropico 4","TRUE"
"Tropico 5","TRUE"
"Trouble Witches Neo","TRUE"
"Truck Racer","TRUE"
"Tsūshin Taisen Mahjong Touryūmon","TRUE"
"Turbo: Super Stunt Squad","TRUE"
"Turning Point","TRUE"
"Two Worlds","TRUE"
"Two Worlds II","TRUE"
"uDraw Studio: Instant Artist","TRUE"
"UEFA Champions League 20062007","TRUE"
"UEFA CL 20062007","TRUE"
"UEFA EURO 2008","TRUE"
"UFC Undisputed 2009","TRUE"
"UFC Undisputed 2010","TRUE"
"UFC Undisputed 3","TRUE"
"Under Defeat HD: Deluxe Edition","FALSE"
"Undertow","TRUE"
"Universe at War: Earth Assault","TRUE"
"Uno","TRUE"
"Unreal Tournament 3","TRUE"
"Up","TRUE"
"Valiant Hearts: The Great War","TRUE"
"Vampire Rain","TRUE"
"Vancouver 2010 - The Official Video Game of the Olympic Winter Games","TRUE"
"Vandal Hearts: Flames of Judgment","TRUE"
"VANQUISH","TRUE"
"Velvet Assassin","TRUE"
"Vessel","TRUE"
"Victorious: Time to Shine","TRUE"
"Vigilante 8: Arcade","TRUE"
"Viking","TRUE"
"Virtua Fighter 2","TRUE"
"Virtua Fighter 5","TRUE"
"Virtua Tennis 2009","TRUE"
"Virtua Tennis 3","TRUE"
"Virtua Tennis 4","TRUE"
"Viva Pinata: Party Animals","TRUE"
"Voltron: Defender of the Universe","TRUE"
"Voodoo Dice","TRUE"
"WALLE","TRUE"
"WANTED:Weapons of Fate","TRUE"
"War World","TRUE"
"Warface","TRUE"
"Warhammer 40,000: Kill Team","TRUE"
"Warhammer 40,000: Space Marine","TRUE"
"Warhammer:BattleMarch","TRUE"
"Warlords","TRUE"
"Warp","TRUE"
"WARRIORS OROCHI","TRUE"
"WARRIORS OROCHI 2","TRUE"
"WARRIORS OROCHI 3","TRUE"
"Warriors: Legends of Troy","TRUE"
"WarTech: Senko no Ronde","TRUE"
"Watch Dogs","TRUE"
"Watchmen: The End is Nigh","TRUE"
"Watchmen: The End is Nigh Part 2","TRUE"
"Way of the Dogg","TRUE"
"Way of the Samurai 3","TRUE"
"WET","TRUE"
"Wheel of Fortune","TRUE"
"Wheelman","TRUE"
"Where the Wild Things Are","TRUE"
"Who Wants to Be a Millionaire? 2012 Edition","TRUE"
"Who Wants To Be A Millionaire? Special Editions","TRUE"
"Wik: Fable of Souls","TRUE"
"Wing Commander Arena","TRUE"
"Winter Sports 2010","TRUE"
"Winter Stars","TRUE"
"Wipeout 2","TRUE"
"Wipeout: Create & Crash","TRUE"
"Wits & Wagers","TRUE"
"Wolf of the Battlefield: Commando 3","TRUE"
"Wolfenstein","TRUE"
"Wolfenstein: The New Order","TRUE"
"World Gone Sour","TRUE"
"World of Tanks","TRUE"
"World Series of Poker: Tournament of Champions","TRUE"
"Worms","TRUE"
"Worms 2: Armageddon","TRUE"
"Worms Revolution","TRUE"
"Worms: Ultimate Mayhem","TRUE"
"WRC 5 FIA World Rally Championship","TRUE"
"Wreckateer","TRUE"
"Wrecked Revenge Revisited","TRUE"
"WWE '12","TRUE"
"WWE '13","TRUE"
"WWE 2K14","TRUE"
"WWE 2K15","TRUE"
"WWE 2K16","TRUE"
"WWE 2K17","TRUE"
"WWE All Stars","TRUE"
"WWE Legends of WrestleMania","TRUE"
"WWE Smackdown vs. Raw 2011","TRUE"
"XBlades","TRUE"
"XEVIOUS","TRUE"
"Xotic","TRUE"
"Yaiba: Ninja Gaiden Z","TRUE"
"Yar's Revenge","TRUE"
"Yie Ar KungFu","TRUE"
"YoHo Kablammo","TRUE"
"Yosumin! LIVE","TRUE"
"YOU DONT KNOW JACK","TRUE"
"You're in the Movies","TRUE"
"Young Justice: Legacy","TRUE"
"YuGiOh! 5D's Decade Duels Plus","TRUE"
"YuGiOh! Millennium Duels","TRUE"
"Zegapain NOT","TRUE"
"Zegapain XOR","TRUE"
"Zeit Squared","TRUE"
"Zeno Clash 2","TRUE"
"Zeno Clash Ultimate Edition","TRUE"
"Zero D Beat Drop","TRUE"
"Zoids Assault","TRUE"
"Zoids Infinity EX Neo","TRUE"
"ZOMBIE APOCALYPSE","TRUE"
"Zombie Apocalypse: Never Die Alone","TRUE"
"Zombie Driver HD","TRUE"
"Zombie Wranglers","TRUE"
"ZONE OF THE ENDERS HD COLLECTION","TRUE"
"Zoo Tycoon","TRUE"
