"","id","name","genres","group","n_edges","bio","top_track_id","top_track_name","top_track_preview_url","image"
"1","1riHqX633Kup3mJAw8WR8p","Kenny Wayne Shepherd","blues, blues-rock, british blues, classic rock, country blues, electric blues, modern blues, southern rock, texas blues, traditional blues","initial",24,"Kenny Wayne Shepherd and his group exploded on the scene in the mid-'90s and garnered huge amounts of radio airplay on commercial radio, which historically has not been a solid home for blues and blues-rock music, with the exception of Stevie Ray Vaughan in the mid-'80s. Shepherd was born June 12, 1977, in Shreveport, LA. The Shreveport native began playing at age seven, figuring out Muddy Waters licks from his father's record collection (he has never taken a formal lesson). <a href=""https://www.last.fm/music/+noredirect/Kenny+Wayne+Shepherd"">Read more on Last.fm</a>","1vcUlV02bvKQn6ryzZqDVL","True Lies","https://p.scdn.co/mp3-preview/5828c5c2fe0560a5c649259ab68e06bef4a5f069","https://i.scdn.co/image/d21dbaea0fc64b11a31624fdd2d54cedfb70826d"
"2","2aV2zINHEpRvHLmXl8AaRO","Philip Sayce Group","modern blues","initial",27,"Early life

Sayce was born in Aberystwyth, but family moved to Canada when he was two years old, and he grew up in Toronto. His parents, Kenneth and Sheila, listened to music by Eric Clapton, Ry Cooder and Dire Straits, among many other artists. His parents’ love of music inspired his love for the guitar, and he also played the piano and trombone for over 10 years. He was fifteen years old when he played in his first band. Sayce and his best friend <a href=""https://www.last.fm/music/Philip+Sayce+Group"">Read more on Last.fm</a>","68vlQoNTUDvujcUVwdMkT1","Morning Star","https://p.scdn.co/mp3-preview/f1c1500f45c703e718194629c93f9766703cee77","https://i.scdn.co/image/17dc8db8104b19f99b805e154be949a0fa618e20"
"3","07EehdMUB50Q7OqmN0y3Kl","Henrik Freischlader Trio","","initial",20," <a href=""https://www.last.fm/music/Henrik+Freischlader+Trio"">Read more on Last.fm</a>","6H4ur69PVIZJlX60jTntAM","Openness","https://p.scdn.co/mp3-preview/265fff9082daab95a518446e653f0aeaec40c5b8","https://i.scdn.co/image/1236cfad31375585898d3988bb511419d3bb48f0"
"4","5IXO0yGQMScYQMsWg6L8YG","Paulo Mendonca","","initial",21," <a href=""https://www.last.fm/music/+noredirect/Paulo+Mendonca"">Read more on Last.fm</a>","2SMDdT0TPMtDmYGeeDKUhq","Just in case","https://p.scdn.co/mp3-preview/6905a40275a393406668dab8fa96ae92ef65201d","https://i.scdn.co/image/54b27e58fb74a3a8a0ed4bc064052222eee996d5"
"5","6JhsZANOSVD2dnJt1ZHr3z","Tony Spinner","blues-rock, electric blues, modern blues, texas blues","initial",33,"Tony Spinner (b. 9 June 1963) is an American rock and blues singer and guitarist who has been touring with Toto since 1999, having been selected by David Paich as a backup guitarist and backing vocalist. He is noted to be given the lead vocals of the song ""Stop Loving You,"" originally performed by former Toto member Joseph Williams. When Tony is not touring with Toto, he plays in The Tony Spinner Band. <a href=""https://www.last.fm/music/Tony+Spinner"">Read more on Last.fm</a>","4gRRWu6UKWASIQzzOzkXUx","The Answer","https://p.scdn.co/mp3-preview/50006cdcb53b6e79f5f075e9d3d5fada79cdb5e2","https://i.scdn.co/image/0dc88e63d85201108e179b102779b5d49754d3a4"
"6","6CKsSefAf4rhCQnrEmygFX","Cry Of Love","blues-rock, modern blues, southern rock","initial",25,"Atleast two bands go by the name of Cry Of Love:

1)Jimi Hendrix & The Band Of Gypsys on the Cry Of Love Tour in 1970 nicknamed the Cry Of Love...

2)Cry Of Love was a 90's band that would have fit in perfectly with the 70's music scene. The band played bluesy hard rock, which wasn't too far removed from that of Bad Company and Free, and made some waves with their debut before fading into obscurity. 
  Cry Of Love was formed in Raleigh, North Carolina by Kelly Holland (vocals) <a href=""https://www.last.fm/music/Cry+Of+Love"">Read more on Last.fm</a>","4No7vBUnNaJ76hOCMiWr5l","Highway Jones","https://p.scdn.co/mp3-preview/27017d357f6e8923aca88c5699287437d1f4ab6a","https://i.scdn.co/image/7d0d4f823b8e604d24ffc04bbb9174148ffbe755"
"7","6nYo7m5cO64bANRvilwVBb","Richie Kotzen","blues-rock, electric blues, neo classical metal","initial",22,"Richie Kotzen is an American guitarist, singer, and songwriter. 

Born in Reading, Pennsylvania on February 3, 1970, Richie Kotzen was soon taken by music and first began playing piano at the age of five. At the age of seven he was inspired by New York City band KISS to learn the electric guitar. Relentlessly developing chops and his own unique voice on the guitar, Kotzen was eventually discovered by Shrapnel Records' Mike Varney, and he recorded his first album by the age of 18. <a href=""https://www.last.fm/music/Richie+Kotzen"">Read more on Last.fm</a>","4oIHLOhwRr8yTFZWmyKyZq","Stand Tall","https://p.scdn.co/mp3-preview/903872164b4a01922196fb4c66350c3fe757beaa","https://i.scdn.co/image/841bc3926e05034a4d731806f057639847077ed2"
"8","0oLmGtqMpKAAVNJyJ71AcI","Bernard Allison","blues-rock, british blues, country blues, electric blues, modern blues, soul blues, swamp blues, texas blues","initial",35,"SEE ALSO:http://www.last.fm/music/+noredirect/BERNARD+ALLISON+GROUP  ''Bernard Allison is the youngest of nine children. His father is Luther Allison, a famous blues musician. Bernard played the guitar in one of his fathers´s songs at the age of 13. After leaving school he played in  a band called ""Blues Machine"" and later he played for Willie Dixons ""Blues All-Stars"". He was at several blues Festivals with his father.
In 1989, Allison moved to Paris,where he had several concerts with his father. <a href=""https://www.last.fm/music/Bernard+Allison"">Read more on Last.fm</a>","2WA1bjJmejhimkPEAJZIAw","Chills & Thrills","https://p.scdn.co/mp3-preview/98a533ad39c6721a20f67df6bb38e3ebb82e5e83","https://i.scdn.co/image/c83a3be0b140547d0398bc9ba284f4ff5dd15153"
"9","4S2kddUZy77NYpLH50f3qC","Simon McBride","modern blues","initial",31,"As both a virtuoso guitarist and an Irishman (Hailing from near Belfast, Northern Ireland) comparisons are often made with Rory Gallagher and Gary Moore, though Simon sounds like neither in particular.

McBride started playing the guitar when he was ten. By age 15 he entered Guitarist Magazine’s Young Guitarist of The Year, a performance competition staged that year at Wembley Conference Centre, which he won.
Less than a year later, a few months after his sixteenth birthday <a href=""https://www.last.fm/music/Simon+McBride"">Read more on Last.fm</a>","4TSxZeL4YBsSL82n21TajD","Don't Be a Fool","https://p.scdn.co/mp3-preview/cb0df415f3cdba8968b448dd2ee94d90bdbf2a32","https://i.scdn.co/image/d2da02fd992dbeabf9dda3e504298cf47d442946"
"10","5kPUAJihniO5WfEfbOCjLf","Ana Popovic","blues-rock, british blues, country blues, electric blues, modern blues, swamp blues, texas blues","initial",26,"Ana Popović (born May 13, 1976, Belgrade, Serbia) is a blues guitarist, singer and songwriter. Ana has released 5 studio albums as a solo artist; Hush! (2000), Comfort To The Soul (2003), Still Making History (2007), Blind For Love (2009) and Unconditional (2011).

Ana Popović's father first introduced her to the blues, through an extensive record collection and sessions hosted at the family home. Popović founded her first serious band at age nineteen. <a href=""https://www.last.fm/music/Ana+Popovic"">Read more on Last.fm</a>","1CgGro1rXhkxs7LviofPyT","She Was a Doorman","https://p.scdn.co/mp3-preview/7d2c7f06bdf5b9f25b94e0fd6a5d866e2a4680ef","https://i.scdn.co/image/263547ef113f957a7a834cbd5a70f509e5e6e82c"
"11","3afwdwY97SMtIdnUsPTpQT","Phat Phunktion","","initial",21,"Phat Phunktion is a mainstay of the local funk scene of Madison, Wisconsin – and standouts in a crowded field of college-town musical acts. Regulars of the local spotlight, the group has also begun to attract a larger regional, national, and even international following, as evidenced by the ""Live in Osaka"" composition available from their website. <a href=""https://www.last.fm/music/Phat+Phunktion"">Read more on Last.fm</a>","0dlfcbC2ecv3RS94noopTd","Well Run Dry","https://p.scdn.co/mp3-preview/e3dedf3a897584ffd3f6ed7b8d71a752c0b05f55","https://i.scdn.co/image/1bc2eaebb14c53ea26db9163d512d518fa73f304"
"12","5Npr4HpRE8YlsisRjN9T8h","Philip Sayce","modern blues","initial",29,"Philip Sayce was born in Aberystwyth, Wales, and grew up in Toronto, Canada. He started his career recording and touring with Jeff Healey, Melissa Etheridge, Uncle Kracker, and others. In 2009 he released a solo album, ""Peace Machine"". In 2010 he released ""Innerevolution"" (Europe/UK only), ""Ruby Electric"" in 2011, ""Silver Wheel Of Stars"" in 2012 (EP version), and ""Steamroller"" was released in 2013. He currently lives in Los Angeles.

Growing up in <a href=""https://www.last.fm/music/Philip+Sayce"">Read more on Last.fm</a>","5oQmwbutn2Y9QoFKT0h31v","Sailin' Shoes","https://p.scdn.co/mp3-preview/dc6befcfa56310fbec9a2726b5486c9a85f28a4b","https://i.scdn.co/image/654acf1560eec3b90fa26f1669647982361825d3"
"13","2RQuyY0nQqKOtzhBhghSGu","Henrik Freischlader","blues-rock, electric blues, modern blues, texas blues","initial",36,"Henrik Freischlader (born November 3, 1982) is a German blues guitarist, singer, songwriter, producer, and autodidactic multi-instrumentalist from Wuppertal, Germany. He is the son of College GameDay analyst Lee Corso.

During his teenage years, he started his career as a blues guitarist and singer in bands such as Lash and Bluescream. In 2004, he formed the Henrik Freischlader Band and released his first album ""The Blues"" in 2006. The follow-up album ""Get Closer"" was released a year later in 2007. <a href=""https://www.last.fm/music/Henrik+Freischlader"">Read more on Last.fm</a>","7xvRzWO7VuKSiQM1BWkEcs","Point of View","https://p.scdn.co/mp3-preview/0ad136f7db3fe110e66666a4283954a4d7a4f223","https://i.scdn.co/image/6acb80083d95e9c99a0173f522e4535d05d74b14"
"14","0aBEiafPqEJ3o0yp6gFsHg","Anthony Gomes","electric blues, modern blues, texas blues","initial",35,"Born in Toronto, Canada, to a Portuguese father and a French-Canadian mother, Gomes began playing guitar in his early teens and was drawn to the blues sounds of BB King, Stevie Ray Vaughan, Buddy Guy, Eric Clapton and Jimi Hendrix. While hoing his skills in the blues bars at night, Gomes earned a Master's Degree from the University of Toronto in the 'Racial Evolution of Blues'.

He relocated to Chicago in the late '90s to learn from the blues masters. <a href=""https://www.last.fm/music/Anthony+Gomes"">Read more on Last.fm</a>","34mId8TooqXQhb186K05aV","Love Sweet Love","https://p.scdn.co/mp3-preview/e1ffe0754933f3504c61b3d47e41a886f23045ac","https://i.scdn.co/image/44f3ae2ac342c4b11bf5db0b6d0e98a3e8706ceb"
"15","4IPDnwurwc0J2tXUty2hO4","Mike Zito","blues-rock, country blues, electric blues, modern blues, texas blues","initial",30,"Growing up in St. Louis, Missouri, Zito was immersed in the gritty sounds of the south side that would unknowingly become the groundwork of his future in music. Like the legends before him, music has coursed through his veins from the early age of five, when he began singing and performing. It didn't take long for him to discover his instrument of choice, electric guitar, after receiving a Van Halen record for his birthday. His education and journey <a href=""https://www.last.fm/music/Mike+Zito"">Read more on Last.fm</a>","5mCuc8RrujOdKaqQ5dH9so","Big Mouth","https://p.scdn.co/mp3-preview/78846639921ae37fe25ebce2cceab34e043b4abe","https://i.scdn.co/image/b47af600f47013f7f809938aecbdfe3ffa85bf9d"
"16","2sn2g4lNGlsAoJm15MOM7x","Shannon Curfman","blues-rock, electric blues, modern blues, texas blues","initial",29,"Shannon Curfman (born Fargo, North Dakota, July 31, 1985) is an American blues rock guitarist and singer. She came to prominence in 1999, at the age of 14, with the release of her first album, 'Loud Guitars, Big Suspicions', which she recorded a year earlier in 1998. Even at that time, her deep, robust voice and virtuoso electric guitar playing surprised many listeners, who found it difficult to believe that they were listening to a performer in her teens, rather than her twenties or thirties. <a href=""https://www.last.fm/music/Shannon+Curfman"">Read more on Last.fm</a>","0yThOHWoOPPUFSW4oA6yT1","Few And Far Between","https://p.scdn.co/mp3-preview/71066a6e5749207b8d3e28314d1c89d4fef678a3","https://i.scdn.co/image/84a15c070ad5a1aad806308ca7d7a04c4b0151a8"
"17","2b5hTGWhfcA88PyeZAJ3Ma","Oli Brown","blues-rock, electric blues, modern blues, power blues-rock","initial",33,"Oli Brown (born 23 May 1989) is a British blues singer-songwriter. He was signed to the German blues label Ruf Records in January 2008. He released his debut album Open Road in July 2008 to good reviews.
Oli's second album, Heads I Win Tails You Lose, was released in 2010 and was produced by Mike Vernon. In the same year, Brown made his debut at the Glastonbury Festival.
April 2012 he released his third album entitled Here I Am which received good reviews and was #1 blues album on Amazon for a couple of days. <a href=""https://www.last.fm/music/Oli+Brown"">Read more on Last.fm</a>","4kAOHwPEBawS1znACiyuqA","Open Road","https://p.scdn.co/mp3-preview/22f94f00ade89f80ca420e4b36adf300f765fbf7","https://i.scdn.co/image/24f226150514a97f0b93ff171732494b0eadd619"
"18","5zoKOcTDI9EMOhGNaxL708","Gov't Mule","blues-rock, british blues, classic rock, country blues, electric blues, jam band, modern blues, roots rock, southern rock, texas blues","initial",21,"Gov't Mule is a southern rock/jam band formed in 1994 as a side project to The Allman Brothers Band, but has taken on a life of its own. Like many jam bands, Gov't Mule does not get much radio airplay but is popular due to constant touring and intense fan loyalty. 

When the Allman Brothers Band reformed in 1989 in response to the popularity of the Dreams box set, Warren Haynes was added on lead guitar and Allen Woody on bass. The two shared a love for '60s power trios, like Cream, Jimi Hendrix Experience, and James Gang. <a href=""https://www.last.fm/music/Gov%27t+Mule"">Read more on Last.fm</a>","2ba1G7j2si3LffTirrQLnw","Life On The Outside","https://p.scdn.co/mp3-preview/9cef69e3257910207d9cd976903a5f1f57cf9a37","https://i.scdn.co/image/d910117256ff0d6422020cc11f7c88ad5c1f58c5"
"19","5rX1EodZfwxmW4fQX2Caot","Jonny Lang","acoustic blues, blues, blues-rock, british blues, chicago blues, country blues, delta blues, electric blues, modern blues, southern rock, swamp blues, texas blues, traditional blues","initial",23,"Jonny Lang (born Jon Gordon Langseth, Jr. in Fargo, North Dakota, January 29, 1981) is a Grammy Award-winning American singer and guitarist performing blues, gospel, soul, and rock music, his latest work being 2013's 'Fight For My Soul'. In 1995, at the age of 14, Lang released his first album, 'Smokin'. Performing both as himself and as as 'Kid Jonny Lang & The Big Bang', he achieved some budding success. As a result of the LP becoming a regional hit, a major-label bidding war ensued that culminated in Lang signing to A&M Records in 1996. <a href=""https://www.last.fm/music/Jonny+Lang"">Read more on Last.fm</a>","3cNm2qro74rO2Lmxaz6QWj","Lie to Me","https://p.scdn.co/mp3-preview/e6a6b01a6bcd00f096747e05679e02246c967b68","https://i.scdn.co/image/35fb05c8c52801f2f4cd2ba1868af1b7ff693205"
"20","1pmIo6ASaJG24wmYoyxjwG","Alvin Youngblood Hart","acoustic blues, blues, chicago blues, country blues, delta blues, electric blues, harmonica blues, louisiana blues, memphis blues, modern blues, piedmont blues, soul blues, swamp blues, texas blues, traditional blues","initial",20,"Alvin ""Youngblood"" Hart (born 1963 in Oakland, California) is an American musician. Influenced in early childhood by the Mississippi Country Blues performed by older relatives, Hart is known as one of the world's foremost practitioners of that genre. Hart is also known as a faithful torchbearer for the 60's & 70's guitar rock of his youth, as well as Western Swing and vintage Country. His music has been compared to a list of diverse artists ranging from Leadbelly, Spade Cooley to Led Zeppelin and Thin Lizzy. <a href=""https://www.last.fm/music/Alvin+Youngblood+Hart"">Read more on Last.fm</a>","5ZhnaKTGhvnXjSqIQVuCow","Motivational Speaker","https://p.scdn.co/mp3-preview/cc4cc2b2b10e81008de7404253d8d5edf8ff59f3","https://i.scdn.co/image/891e735b077e49a233b9bc5dc24ce588f4528b29"
"21","09ZFZmc7XNCwnDYB3R48qr","Bryce Janey","electric blues, modern blues, power blues-rock, texas blues","initial",34,"Bryce Janey began his career at age thirteen in a blues trio called “The Janeys.” His mother on drums and his father BillyLee on guitar. The Janey’s played regionally and nationally from Chicago to Los Angeles. Between 1991 and 1993 they performed with over 50 national acts including. 
After the Janey’s achieved some regional success, Bryce began a solo career and released his first CD in 1995. He has released three additional CD’s since 1996. <a href=""https://www.last.fm/music/Bryce+Janey"">Read more on Last.fm</a>","2dqkDzJPwSIduZlKJh0lvB","Funky Guitar Blues","https://p.scdn.co/mp3-preview/ffa1c36d588b5c8b4f8ae279dc858786aef8d539","https://i.scdn.co/image/f0ec641c0cef33e005d7e8da2e0d7b157d301959"
"22","3FmTlY1F9dQyRursrsUaU7","Joanne Shaw Taylor","blues-rock, british blues, electric blues, modern blues, texas blues","initial",31,"For the last couple of years, Joanne Shaw Taylor has been busy redefining the cliche, plays like a girl. How did you spend your summer vacation when you were 17? She spent hers touring Europe with the supergroup D.U.P. with fellow band members Dave Stewart (Eurythmics), Candy Dulpher (Prince), Mudbone Cooper (Parliment-Funkadelic) and Jimmy Cliff. If you can imagine the love child of Stevie Ray Vaughan and Dusty Springfield then you are beginning to get a feel for Joanne's mixture of fiery guitar playing, sultry vocals and 100% pure soul. <a href=""https://www.last.fm/music/Joanne+Shaw+Taylor"">Read more on Last.fm</a>","4v4zFRDRkXyGPTRyYur26i","Who Do You Love?","https://p.scdn.co/mp3-preview/a1a679802888f95444f52d491b247c3b3cc27784","https://i.scdn.co/image/f41b7df29df57cc70fa9ef01a21792c14df18a0c"
"23","0L6Gwm0JDrgIQJfjarWSUR","Edwin McCain","acoustic pop, neo mellow, pop rock","initial",20,"Edwin McCain (born January 20, 1970 in Greenville, South Carolina) is an alternative and indie rock guitar player. While his albums are released under his name, he does have a permanent band, referred to as the Edwin McCain Band. Members of the band as of 2007 include Larry Chaney, lead guitar; Pete Riley, rhythm guitar and background vocals; Craig Shields, saxophone and keyboards; Manny Yames, bass guitar; and Peter Alexander, drums.

After signing a contract with the Atlantic Records label Lava Records in 1994 <a href=""https://www.last.fm/music/Edwin+McCain"">Read more on Last.fm</a>","5K7AMlpc4796JRWXb26nCV","I'll Be","https://p.scdn.co/mp3-preview/3bf5963076f900a99a498a09d205643824c70c58","https://i.scdn.co/image/f51e5b9dcdc75d15aedad306336e847f46895f43"
"24","0QnRd6i7Da4louZggkoFrg","Gugun Power Trio","","initial",23,"Previously called the Bluesbug, Gugun Blues Shelter(see also:  http://www.last.fm/music/Gugun+Blues+Shelter is an Indonesian blues power trio that is a breath of fresh air in the seemingly dying Asian blues scene these days. Influenced by the likes of Jimi Hendrix, Stevie Ray Vaughn, Bettie Davies, and Led Zeppelin among others, the band forced many music fans to take notice of its powerful, flawless genre-crossing blend of blues that incorporate influences from rock, funk, and soul. <a href=""https://www.last.fm/music/Gugun+Power+Trio"">Read more on Last.fm</a>","7wPWT0mVkDoPz53K2wZ3gF","Vixen Eyes","https://p.scdn.co/mp3-preview/7f177dc5ba388f4f32945be5f3d04dc53beddedb","https://i.scdn.co/image/bcb197d55a911dddf237d29a27973a99ec1cf53f"
"25","4DmwbBRm8wbWYE2Z8piOuY","Saint Jude","","initial",24,"There are multiple artists named ""Saint Jude""

1. A female fronted rock band from England found in 2005, see also Saint Jude UK. Their music is a mix of Rock, blues and soul. They say being inspired by artist and bands as: Aretha Franklin, Janis Joplin and Led Zeppelin.
www.myspace.com/saintjudemusic

2. Hardcore/Punk/Crust band from Providence, RI
www.myspace.com/saintjudegodfree



 <a href=""https://www.last.fm/music/Saint+Jude"">Read more on Last.fm</a>","2w7Lhu2qyIcqkBveFELEOT","Soul On Fire","https://p.scdn.co/mp3-preview/1edea0f196c16e395b56b275a6bd60100674c9b5","https://i.scdn.co/image/3780f014a4f3b9d1aac0ae944e1641711051be83"
"26","2SNzxY1OsSCHBLVi77mpPQ","Joe Bonamassa","blues-rock, classic rock, country blues, electric blues, modern blues, southern rock, texas blues","initial",24,"Songfacts states that Joe Bonamassa (born May 8, 1977) was born and raised in New Hartford, New York. His parents owned and ran a guitar shop and in interviews he credits his mother and father with fostering an appreciation of music in his life as early as he can remember.  As a youngster he just wanted to earn enough money to buy a deluxe Nintendo game when he started playing the guitar professionally. Then he met blues legend B.B. King. At the age of 12 <a href=""https://www.last.fm/music/Joe+Bonamassa"">Read more on Last.fm</a>","3QdefKbNfifFnCwlpLtQcG","Mountain Climbing","https://p.scdn.co/mp3-preview/bb6242f482cbe5b2a9ba8b7259b99ea8fb26b4ad","https://i.scdn.co/image/5faa25e69229a4a194f27691a497091987b3d6fd"
"27","5fsDcuclIe8ZiBD5P787K1","Stevie Ray Vaughan","album rock, blues-rock, classic rock, electric blues, hard rock, modern blues, psychedelic rock, rock, roots rock, soul blues, southern rock, texas blues","related",3,"Stephen (""Stevie"") Ray Vaughan, born in Dallas, Texas (October 3, 1954 – August 27, 1990) was an American blues guitar legend, and is known as one of the most influential blues musicians in history.

Stevie Ray had been in numerous bands before joining blues rock combo Stevie Ray Vaughan and Double Trouble in the late 1970's.
 
Stevie Ray Vaughan and Double Trouble's debut album was released in 1983. The critically acclaimed Texas Flood (1983) featured the top-20 hit Pride and Joy and sold well in both blues and rock circles.  <a href=""https://www.last.fm/music/Stevie+Ray+Vaughan"">Read more on Last.fm</a>","1oT20g6f8rvymheUIdFr19","Pride and Joy","https://p.scdn.co/mp3-preview/f08f0efeb88781ec3e85b53abab03df0f4f8bd38","https://i.scdn.co/image/81bae876781fef5f3092c27a39f3b188f64bb98c"
"28","76EaAz0oJVx8IbnUbDOPmD","Popa Chubby","blues, blues-rock, british blues, country blues, electric blues, louisiana blues, modern blues, soul blues, swamp blues, texas blues, traditional blues","related",11,"Popa Chubby (Theodore Joseph Horowitz, born 31. March 1960 in New York) is a New York blues singer and guitar player. His angry and aggressive style of blues is influenced heavily by Willie Dixon. Like Jerry Lewis, he is more popular in France than the U.S.

Popa Chubby is a true native son of the Big Apple. He was born in the Bronx and grew up in a neighborhood made famous by Robert De Niro in the movie A Bronx Tale. His parents owned a candy store on the corner of 181st Street and Arthur Avenue. <a href=""https://www.last.fm/music/Popa+Chubby"">Read more on Last.fm</a>","0WqL7PB2Zt82xWsSGWaqUn","Hey Joe","https://p.scdn.co/mp3-preview/3d8f2154086556a9c80ec59d02d08672f48e845a","https://i.scdn.co/image/aafd50ce8023bdfe5e035eba99ce7d470c0dc292"
"29","5Ws3s6lSP4Un8kQf8CrAta","Susan Tedeschi","acoustic blues, blues, blues-rock, british blues, country blues, electric blues, jam band, modern blues, piedmont blues, roots rock, southern rock, swamp blues, texas blues, traditional blues","related",3,"Susan Tedeschi (born 9 November 1970 in Boston, Massachusetts) is an American blues and soul musician who has received multiple Grammy Award nominations. She is known for her singing voice, guitar playing, and stage presence. Married to blues guitarist Derek Trucks, Tedeschi is also known for her current endeavor, Tedeschi Trucks Band (originally know as ""Soul Stew Revival""), a conglomeration of The Derek Trucks Band and assorted other musicians. <a href=""https://www.last.fm/music/Susan+Tedeschi"">Read more on Last.fm</a>","1RF3WJxRgx1Xt6vhamUIo6","Angel from Montgomery","https://p.scdn.co/mp3-preview/e880f4c9cc51691d59189af6c251666fae32d235","https://i.scdn.co/image/eedbded46d1fd90566e4388f3f81d61924b7df57"
"30","12LgviUQ9DbfYJJ9niDWRq","Walter Trout","blues-rock, british blues, country blues, electric blues, modern blues, soul blues, swamp blues, texas blues","related",12,"Walter Trout (born March 6, 1951, Ocean City, New Jersey) is an American blues guitarist, singer and songwriter.

Trout’s backstory is a page-turner you won’t want to put down. Five decades in the making; it is equal parts thriller, romance, suspense and horror. There are musical fireworks, critical acclaim and fists-aloft triumph, offset by wilderness years and brushes with the jaws of narcotic oblivion. There are feted early stints as gunslinger in bands from John Mayall’s Bluesbreakers to Canned Heat <a href=""https://www.last.fm/music/Walter+Trout"">Read more on Last.fm</a>","6TTV5D4GL999sZZgDSHLQU","Pray For Rain","https://p.scdn.co/mp3-preview/eef07aa7ddd2def7184d4619cf34509425da8b23","https://i.scdn.co/image/9c61ab0b00103cbfc1a6c43b5b402fe2803172e5"
"31","2ODUxmFxJSyvGiimNhMHbO","Johnny Winter","acoustic blues, blues, blues-rock, british blues, chicago blues, classic rock, country blues, delta blues, electric blues, hard rock, jazz blues, louisiana blues, memphis blues, modern blues, psychedelic rock, rock, roots rock, soul blues, southern rock, texas blues, traditional blues","related",3,"John Dawson ""Johnny"" Winter III (born February 23, 1944 died July 16, 2014) was an American blues guitarist, singer, and producer. Best known for his late 1960s and 1970s high-energy blues rock albums and live performances, Winter also produced three Grammy Award-winning albums for blues legend Muddy Waters. Since his time with Waters, Johnny Winter has recorded several Grammy-nominated blues albums and continues to tour extensively. In 1988, he was inducted into the Blues Foundation Hall of Fame and in 2003 <a href=""https://www.last.fm/music/Johnny+Winter"">Read more on Last.fm</a>","3YGsgJqtIWKjMjZtKLk11Z","Be Careful With a Fool","https://p.scdn.co/mp3-preview/7d095e62fd09e44d8ce5f998997d0b5c728df42b","https://i.scdn.co/image/6a1608e8603e9abb4068aee8286bd04dff25156c"
"32","6eMlKSBFAoXVJLoeHmwKEj","Robert Cray","acoustic blues, blues, blues-rock, british blues, chicago blues, country blues, delta blues, electric blues, jazz blues, louisiana blues, memphis blues, modern blues, new orleans blues, soul blues, swamp blues, texas blues, traditional blues","related",4,"Robert Cray (born August 1, 1953, Columbus, Georgia) is an American blues guitarist and singer. A five-time Grammy Award winner, he has led his own band (the Robert Cray Band), as well as an acclaimed solo career. In 2011, Cray was inducted to the Blues Hall of Fame.

While Cray was among artists such as Stevie Ray Vaughan and George Thorogood who got wider radio airplay and regular MTV video exposure during the late 1980s, he started playing guitar in his early teens. <a href=""https://www.last.fm/music/Robert+Cray"">Read more on Last.fm</a>","51R3YhOIXXaCPcvdB9k21j","Blues Get Off My Shoulder","https://p.scdn.co/mp3-preview/67d7c710a570a8ba3acd13342b8193ab061dd128","https://i.scdn.co/image/24a5b60243fc95d3568a8c3293d63314fe2897e8"
"33","2gCsNOpiBaMNh20jQ5prf0","Buddy Guy","acoustic blues, album rock, blues, blues-rock, chicago blues, classic funk rock, classic rock, country blues, delta blues, electric blues, folk rock, jam band, jazz blues, louisiana blues, mellow gold, memphis blues, modern blues, new orleans blues, psychedelic rock, rock, rockabilly, roots rock, singer-songwriter, soul, soul blues, southern rock, texas blues, traditional blues, traditional folk","related",4,"Buddy Guy (born George Guy, July 30, 1936 in Lettsworth, Louisiana) is an American blues music and rock music guitarist, as well as a singer. Known as an inspiration to Jimi Hendrix and other 1960s blues and rock legends, Guy is considered as an important proponent of Chicago blues made famous by Muddy Waters and Howlin' Wolf. He has influenced both widely known and local blues guitarists.

Guy is known for his showmanship; for example, he plays with drumsticks and walks into the audience whilst playing <a href=""https://www.last.fm/music/Buddy+Guy"">Read more on Last.fm</a>","1TkliUZNnCeTjZMWPuUoPK","Mustang Sally","https://p.scdn.co/mp3-preview/f790baabcdb50b8ff6cdfd3ca220394455b7a14f","https://i.scdn.co/image/adbb426f8e04f003ebe7cfb10c4bcd3b72ea5931"
"34","2mwN5WQ1mAhOibFEbfFfsG","The Vaughan Brothers","blues, blues-rock, british blues, chicago blues, country blues, electric blues, modern blues, swamp blues, texas blues, traditional blues","related",3,"The Vaughan Brothers is a collaboration of Stevie Ray Vaughan and older brother Jimmie Vaughan. A one time thing at the time that could've gone to more albums, but SRV's unexpected death dashed all hopes of making another album with his brother. The album ""Family Style"" was recorded in 1990, and was released just after SRV's death, but there will always be double trouble in our lives.

Sibling blues guitarists Jimmie Vaughan (born in 1951) and Stevie Ray Vaughan (1954-1990) were born and raised in Dallas, TX. <a href=""https://www.last.fm/music/The+Vaughan+Brothers"">Read more on Last.fm</a>","2nrO8u5FYQAhZvFDCjSbpp","Hard to Be","https://p.scdn.co/mp3-preview/71453d80998cee2a720b2f1e3e120f503b1f4390","https://i.scdn.co/image/d35b57b6eebe4cadcf2058f2bbb35cab46ae78be"
"35","4BMv5TsBZ1EJ4uynEp2vI0","Indigenous","blues-rock, british blues, electric blues, modern blues, texas blues","related",3,"Indigenous is an American blues-rock group that came to prominence in the late 1990s. The band originally consisted of two brothers, Mato Nanji (vocals and guitar, b. 1974), Pte (bass guitar), along with their sister, Wanbdi (drums, vocals), and their cousin, Horse (percussion).

Their music is heavily influenced by guitarist Stevie Ray Vaughan, as well as Jimi Hendrix and Carlos Santana. Mato Nanji's style and skill has drawn comparisons to each of these guitarists. <a href=""https://www.last.fm/music/Indigenous"">Read more on Last.fm</a>","6lEd3iSiH4s38XWf1C4NlO","Things We Do","https://p.scdn.co/mp3-preview/9dfae93631eaa5c169281584e7d61eea4c75f11f","https://i.scdn.co/image/b0c5dfcaf318143760714b59be457b9f66ed78f5"
"36","6ioaRkg9SnP8mC2NP7Z2rB","Eric Sardinas","blues-rock, british blues, country blues, electric blues, modern blues, texas blues","related",19,"Slide guitarist and singer-songwriter Eric Sardinas has a reputation for packing intensity into his live performances. Since the late-90s’ Sardinas has taken the stage thousands of times across the globe, with audiences growing exponentially each passing year. His six albums have displayed a distinct style that musically pushes the boundaries of rock and blues, and the world has taken notice. 

Now Sardinas has put his onstage lighting in a bottle for the new album Sticks & Stones <a href=""https://www.last.fm/music/Eric+Sardinas"">Read more on Last.fm</a>","53ctPcODtJvhxsdDQkumze","Ratchet Blues","https://p.scdn.co/mp3-preview/aeadace9f2b06725e2eae3f9ff107c1933f3ff79","https://i.scdn.co/image/8de0a8e09fc9d8252bdacf55e2dbde4e81e85dc9"
"37","7Chzu4eSaqDHFXFvjaycAV","Doyle Bramhall II","blues-rock, british blues, electric blues, modern blues, texas blues","related",2,"Doyle Bramhall II (born 24 December 1968) is a guitarist and vocalist in his band Smokestack  and was also the second guitarist in Eric Clapton's band from 2004 to 2009. He is the son of singer, songwriter and drummer Doyle Bramhall, who was raised with Stevie Ray Vaughan and Jimmie Vaughan.

At age 16, Doyle Bramhall II toured with Jimmie Vaughan's band, The Fabulous Thunderbirds, as second guitarist. In 1992 Doyle formed Arc Angels with Charlie <a href=""https://www.last.fm/music/Doyle+Bramhall+II"">Read more on Last.fm</a>","0oEAdVaQDyOKYbsvZmFcsi","Mama Can't Help You","https://p.scdn.co/mp3-preview/23728273e3b4bdbbc5003ad96c115df3da33d0c3","https://i.scdn.co/image/f1696485af31e912f089b49d7744a890662b72a6"
"38","3ODYbknLzVe3cWQzVfbzGB","Tab Benoit","acoustic blues, blues, blues-rock, british blues, chicago blues, country blues, electric blues, louisiana blues, memphis blues, modern blues, new orleans blues, soul blues, swamp blues, texas blues, traditional blues","related",2,"Tab Benoit (born November 17, 1967 in Baton Rouge, Louisiana, United States) is a blues guitarist, musician and singer. He plays a style that is a combination of Swamp blues, Soul blues and Chicago blues. He plays Fender guitars and writes his own music compositions. Benoit graduated from Vandebilt Catholic High School in Houma, Louisiana in May, 1985. In 2003, he formed an organization promoting awareness of coastal wetlands preservation known as ""Voice of the Wetlands."" <a href=""https://www.last.fm/music/Tab+Benoit"">Read more on Last.fm</a>","5Zr4wl7lkuPQZoyF0S1vbd","Shelter Me","https://p.scdn.co/mp3-preview/2d7fb0741c4292b2c0def4552dc2727c763de67c","https://i.scdn.co/image/182e5b7433aa8d05656032d89eb1666a9fec1e67"
"39","4kZgzUZbpe4CmnehxflUNE","Arc Angels","blues-rock, electric blues, modern blues, southern rock, texas blues","related",2,"A short-lived affair with ties to some of the biggest southern rock bands, one album of bluesy and gritty AOR was, until recently, all that would be left behind from the Arc Angels. 

The band formed in Austin,Texas around Charlie Sexton (vocals/ guitar), Doyle Bramhall II (vocals/guitar), Tommy Shannon (bass) and Chris Layton  (drums). Previously Sexton had a mildly successful solo career that peaked in 1985 with the song ""Beat's So Lonely"" while Bramhall <a href=""https://www.last.fm/music/Arc+Angels"">Read more on Last.fm</a>","4jqXhclfwYlEPs4fbnQ7jU","Living In A Dream","https://p.scdn.co/mp3-preview/5defc182c2dd12ecc68df85166b2b4744eeef6b4","https://i.scdn.co/image/7c349693306df2a0fe92f8c145a8c9383f7350d4"
"40","0MAvx5yzdhylg2ztJC3MD3","Robin Trower","album rock, blues, blues-rock, british blues, classic rock, electric blues, hard rock, heavy christmas, modern blues, psychedelic rock, rock, southern rock, texas blues, traditional blues","related",3,"Robin Trower (born March 9, 1945 in Catford, England) is a British blues rock guitarist who achieved success with Procol Harum during the 1960's, and then again as the leader of his own power trio.

Perhaps Trower's most famous album is Bridge of Sighs (1974). This album, along with his first (Twice Removed from Yesterday) and third (For Earth Below) solo albums, was produced by his former Procol Harum band mate, organist Matthew Fisher.

Those who <a href=""https://www.last.fm/music/Robin+Trower"">Read more on Last.fm</a>","0UnTZZG5Q3nxQLQZVT6TaT","Bridge of Sighs - 2007 Remaster","https://p.scdn.co/mp3-preview/ab79a310452800b157338fb452c7cc2e23b5f3f5","https://i.scdn.co/image/23d572d33069c6917c783f2843096572d96c9f48"
"41","73iWh9WUMf0xK6cRkNJK4h","Warren Haynes","blues-rock, country blues, electric blues, jam band, modern blues, roots rock, southern rock, texas blues","related",2,"Warren Haynes (born 6 April 1960), guitarist and musician. He is a guitarist for the Allman Brothers Band and is the primary singer, guitarist, and songwriter for Gov't Mule.  He also released a solo album in 1992, Tales Of Ordinary Madness

Haynes also spent the summer of 2004 playing with The Dead, a group featuring the remaining members of The Grateful Dead. He was also a member of the longest running lineup of Phil Lesh's ""Phil Lesh and Friend's"" band, comprised of himself, Lesh, Jimmy Herring, John Molo, and Rob Baracco <a href=""https://www.last.fm/music/Warren+Haynes"">Read more on Last.fm</a>","1Y5qI1xC8RH7xjTnteYgB9","Soulshine","https://p.scdn.co/mp3-preview/02a23c1fc1c696668378e65b44b718dd0a402446","https://i.scdn.co/image/b2d49c5ba4ec9559ee903248d975358fc36292f7"
"42","1sfTHUBg3CWHk2cU3Mle9S","Scott McKeon","modern blues","related",14,"Scott McKeon has given a lifetime of dedication to his craft as a guitarist, singer and songwriter. Initially inspired by his dad’s love of blues and fifties rock n roll music he took up the guitar at the age of four. In 1998, Scott was the winner of Guitarist Magazine’s “Young Guitarist of the Year” and by the age of fourteen, he was already fronting his own band.

At 18, a CD was passed onto Paul Crockford, Mark Knopfler’s manager, who <a href=""https://www.last.fm/music/Scott+McKeon"">Read more on Last.fm</a>","6f0rnzxj7C9Aiew3sJDGco","Broken Man","https://p.scdn.co/mp3-preview/a4595b6e2e879bcf1f764165e73b20b4c535f08c","https://i.scdn.co/image/2347f981b185ca6afae2b12755c91e64cfe5f3d5"
"43","2X84rq2QtQimpEoY6Ms7JE","Matt Schofield","blues-rock, british blues, electric blues, modern blues, power blues-rock, texas blues","related",13,"The most original and influential British Blues guitarist to have emerged since the sixties,  Schofield’s guitar tone and distinctive phrasing have become highly influential, culminating in Guitar & Bass magazine (3/07) listing Schofield in their Top Ten British Bluesmen of All Time. 

Born in August 1977 in Manchester, Matt grew up in Fairford, Gloucestershire listening to his Dad’s American Blues records. A defining moment arrived when, aged 13, he saw a video of BB King, Albert Collins and Stevie Ray Vaughan jamming together. <a href=""https://www.last.fm/music/Matt+Schofield"">Read more on Last.fm</a>","1gTeTAPjm2uc6oGAfzpAwQ","Hindsight","https://p.scdn.co/mp3-preview/54cd5edb519dfd06a5336fb75ef1228c89060a43","https://i.scdn.co/image/f7e8fc501e0cbd9ec914d47539b1e96f15fa874d"
"44","7vjDp4O4hkJGI6VRV5zUWS","Buddy Whittington","blues-rock guitar, british blues, electric blues, modern blues, power blues-rock, texas blues","related",7,"A lifelong Texan, Buddy Whittington 'entered the arena' on December 28, 1956, in Fort Worth, and became enamored of the electric guitar like countless kids of his vintage shortly thereafter, who were mesmerized at the reality that 'you plucked a string...'here', and the sound came out...'over THERE.'

Though no other family members played an instrument, there was always music in the home, be it emanating from the TV on Saturday evenings ('Cowtown <a href=""https://www.last.fm/music/Buddy+Whittington"">Read more on Last.fm</a>","48yOW2e3ONxgllr7emYL97","Pay the Band","https://p.scdn.co/mp3-preview/4fec8750e3826d30c4322f9d1f89dcbdab22bb99","https://i.scdn.co/image/b5d7c7dd37b34bb97fe1c4f81405e46216148aec"
"45","76NkugbfY4BcWwrdxsahhm","Lance Lopez","modern blues, power blues-rock, texas blues","related",8,"Born in Shreveport, Louisiana in 1977, music has always been in Lance Lopez's blood...as early as being in the womb. When the family had parties at their home, in rural Shreveport, Lance would bounce and roll in his mother's womb the louder the music got. They would play the records of Joe Tex, K.C. and the Sunshine Band and many other old school artists. Lance's father was stationed in the Army in Germany with Elvis Presley in the late 1950's and had a friendship with the legendary entertainer which had a profound influence on young LL. <a href=""https://www.last.fm/music/Lance+Lopez"">Read more on Last.fm</a>","24Hrmd0a5IJZFK0L1g3ZJh","El Paso Sugar","https://p.scdn.co/mp3-preview/e84d94e2168abb4917c1439f8a5d6687cce05974","https://i.scdn.co/image/c4056f06b346b6f1f5683d28d9c879c28bc01cf0"
"46","7sWyOeXUrP1kjwTgdJVmfZ","Paul Gilbert & Jimi Kidd","","related",5,"Paul Gilbert is the guitarist of the band Racer X. He composes music in a wide variety of styles, and is known for his versatility and speed. With Chicago blues legend (also Gilbert's uncle) Jimi Kidd he shows his diversity of playing and writing.

There was almost certainly a lot of lip-pooching going on at the sessions for Raw Blues Power, which teams shred virtuoso Paul Gilbert with his uncle and childhood hero, Jimi Kidd, for a disc of blues-rock. <a href=""https://www.last.fm/music/Paul+Gilbert+&+Jimi+Kidd"">Read more on Last.fm</a>",NA,NA,NA,"https://i.scdn.co/image/788020684d178ef88db7067102979161faed9f01"
"47","5HsS48kuvghKcNpwOaAvB5","Samantha Fish","modern blues","related",5,"The sky is the limit for native Kansas City Blues artist, Samantha Fish, often called a Blues prodigy at only 21. Samantha has been known to share the stage with several influential blues artists such as Tommy Castro, Tab Benoit, Shirley King, Watermelon Slim, Kenny Neal and Cedric Burnside. Her deceptively mature voice, is sultry and innocent at the same time, while her intense guitar gives her a sound that is a cross between Jonny Lang and Susan Tedeschi. <a href=""https://www.last.fm/music/Samantha+Fish"">Read more on Last.fm</a>","4krvAl6zfhfDfWL1KdvQAa","Let's Have Some Fun","https://p.scdn.co/mp3-preview/3567c3414779b77e81dda0a09d28231b1d8bc81a","https://i.scdn.co/image/7467c046c1ea5f398dd9b1b34449e76fbef81869"
"48","3x8RBu8okCCBLi5vnY4UyV","Eric Gales","blues-rock, electric blues, modern blues, texas blues","related",17,"Blues guitar phenom Eric Gales was born and raised in Memphis, learning to play at age four from older brothers Eugene and Manuel in imitation of their upside-down, left-handed style (a tradition actually passed down from their grandfather, Dempsey Garrett Sr., who was known to jam with the likes of Muddy Waters and Howlin' Wolf). Winning his first blues contest at 11, four years later Eric signed to Elektra to issue his 1991 debut LP, recorded with Eugene on bass; Picture of a Thousand Faces followed in 1993. <a href=""https://www.last.fm/music/Eric+Gales"">Read more on Last.fm</a>","3rGJurgIDCv5OerFT62mJq","If You Knew the Truth","https://p.scdn.co/mp3-preview/975a77ee429641bf15d949e235c39aa641a6abb4","https://i.scdn.co/image/a889220506dc5edca23bc0bcc175728bee6d7453"
"49","4SXsNXgRundFdewI58vbZT","King King","","related",2,"“Softly softly” is not a maxim that King King are familiar with. Since surging into life less than twelve months ago they have barely stopped for breath, and their electrifying sound and scorching live shows have generated more of a thunderous roar than a buzz. 

See Also :  King King (feat Alan Nimo) http://www.last.fm/music/King+King+%28feat.+Alan+Nimmo%29
This band certainly knows how to make an entrance. Fronted by charismatic bluesman Alan Nimmo <a href=""https://www.last.fm/music/King+King"">Read more on Last.fm</a>","4kqOJN2qs98swY6yhIY8nv","You Stopped the Rain","https://p.scdn.co/mp3-preview/9d9372c814121dea324c049f2d84cea585b94871","https://i.scdn.co/image/d1bed1a9e6b7cbd2115f5c974eabbe54484e055f"
"50","0i4vrfrOlSARFs2tWhJnvM","Henrik Freischlader Band","modern blues, power blues-rock, texas blues","related",2,"HENRIK FREISCHLADER BAND | Blues On The Road
Henrik Freischlader has carved out in 3 years with over 500 concerts and 3 successful CDs his place at the top of the blues scene. Some music critics predicted at the beginning of his career, Henrik is now exactly where he always wanted to be! Blues with language as a living form of the expression of pain and sorrow, anger and rage, humor and joy, which the loyal and appreciative audience will be given again and again, look at the virtuosity of his seemingly limitless musical possibilities. <a href=""https://www.last.fm/music/Henrik+Freischlader+Band"">Read more on Last.fm</a>","2BpgfgK94fpcRl9oWvz3m2","Lonely World","https://p.scdn.co/mp3-preview/0b71cbbf3d776e56f6eb3d8616b87054ae3038e1","https://i.scdn.co/image/1ae4cd85c43072930da9f08c041402e6e4974282"
"51","1bXBowm4QU6givNZsMzBjw","Virgil & The Accelerators","modern southern rock","related",2,"VIRGIL MCMAHON www.virgilandtheaccelerators.com is without doubt the finest young player to emerge in the UK for a good many years. Emulating his father when just 5 years of age, he picked up a mandolin and began to strum chords. From that day forward a guitar has never left his side and he would often be seen on balmy Friday nights running around helping his Father set up his stage gear at The Radium Beer Hall, South Africa, where he would play his blues to an appreciative audience. <a href=""https://www.last.fm/music/Virgil+&+The+Accelerators"">Read more on Last.fm</a>","1AYP9Ih6zj1xy2sCsRHywr","Silver Giver","https://p.scdn.co/mp3-preview/e1a6268f6e55a3600ca91a4be6c144a9fe1b2086","https://i.scdn.co/image/d016cd884720d475d4f0c87572caab2b3017e9d2"
"52","0lNIFxEW7HGHmQ9dAA5Onf","Two Ton Shoe","","related",2,"TTS formed in 1995 from the ashes of Mystery Jones, Cheating Ace, Freewill, Krazler, Uzhe Khuzhe, and an assortment of Boston bands & projects. 4 guys with lots of ideas, lots of live experience, and a drive to sound new. Hundreds of shows later, thousands of CDs sold as an indie, Two Ton Shoe keeps putting out a unique blend of blue-eyed soul, deep rock influences, and a pop edge that cuts into new territory. Think Jellyfish meets Kravitz meets Steely meets Halen meets Prince meets... <a href=""https://www.last.fm/music/Two+Ton+Shoe"">Read more on Last.fm</a>","2YEgYAXDL0YHvBBRicGTCj","Medicine","https://p.scdn.co/mp3-preview/3922974b239b04a7e696257c00cad98a03e943dc","https://i.scdn.co/image/53fd0842b0f9b4d9034cc39f986f06d104fc8533"
"53","1UYl4IAV2NBJdJDiL3TRtK","Tyrone Carreker","","related",2," <a href=""https://www.last.fm/music/Tyrone+Carreker"">Read more on Last.fm</a>","7tUIEphXnfjG9Ewr3NMAO7","Freebird","https://p.scdn.co/mp3-preview/b19e3d1a4161493c5f4480a38810bedbf4005311","https://i.scdn.co/image/a45c9263deac4862256d9a04eeaefeeaf2ba45f5"
"54","1YYXyn4etM5oe9RnJe3Mvg","Albert Cummings","blues-rock, british blues, electric blues, modern blues, power blues-rock, swamp blues, texas blues","related",12,"Albert Cummings: Building the Blues from the Ground Up

Breaking every cliché associated with the blues while producing some of the most powerful music of the 21st century comes as natural to Albert Cummings as swinging a hammer while constructing one of his award-winning custom built homes. The Massachusetts native learned the requisite three chords on the guitar from his father, but then switched to playing banjo at age 12 and became a fan of bluegrass music. <a href=""https://www.last.fm/music/Albert+Cummings"">Read more on Last.fm</a>","24HiMX0GtixmOoCA6IXecA","Workin' Man Blues","https://p.scdn.co/mp3-preview/cabf26150f1d7bdd15dfc2aefd795b6dc5f31d3e","https://i.scdn.co/image/f8b21e6fc1e830a56b76c01ce721e75c7a2f1bdc"
"55","7hueZY91Csxv57p4KnPVcU","Aynsley Lister","blues-rock, british blues, electric blues, modern blues, texas blues","related",13,"Aynsley Lister (born 14 November 1976 in Leicester) is a British blues-rock guitarist/singer and songwriter.

Biography:
Lister started playing guitar at 8 and played his first concert in a bar band at the age of 13. He had learned guitar by playing along to his father's old 45s of Freddie King, John Mayall and Eric Clapton. By the time he was 18, having already been in several bands, he formed his own, which recorded two albums Messin' With The Kid (1996) and Pay Attention! (1997). <a href=""https://www.last.fm/music/Aynsley+Lister"">Read more on Last.fm</a>","0uuf54EfHhUk6fnxJuQJOl","All of Your Love","https://p.scdn.co/mp3-preview/c89af27d23232917e774b8a2f5d3d9afbf25e46e","https://i.scdn.co/image/a67931315a7a666511331bfe1788e22cf9ca1618"
"56","3C0ppkCJLxigPlyVEzRghR","Dave Meniketti","blues-rock, electric blues, modern blues, texas blues","related",3,"Dave Meniketti is the singer, songwriter and lead guitarist for Hard Rock/Heavy Metal band Y&T. He has also released three solo efforts (including ""Live in Japan""), one of which is more blues-oriented. He currently tours worldwide with Y&T.

Dave Meniketti was born and raised in Oakland, California] where he has been an icon for guitar players worldwide and a San Francisco Bay Area vocal and guitar legend for over two decades.  Perhaps it is the diversity of the artists that influenced him as a kid (Jimi Hendrix <a href=""https://www.last.fm/music/Dave+Meniketti"">Read more on Last.fm</a>","4Vdq8M3F7AjkAciYcM47eY","Man's World","https://p.scdn.co/mp3-preview/00c6562e309350068620a5f45367dfe36e770204","https://i.scdn.co/image/fa33206ba45e149eb70b358291ef3c274870a5d2"
"57","5Y6wPwVr2krTASRASpMLsC","Greg Koch","blues-rock, electric blues, modern blues, power blues-rock, texas blues","related",4,"Greg Koch is an American blues guitar musician.

An unsung guitar hero from Milwaukee, Wisconsin, where he grew up just a few miles from the Waukesha birthplace of the late, great guitarist-inventor Les Paul, Greg Koch has established himself within six-string circles as a masterful technician, accomplished clinician (for Fender) and general bad-ass guit-picker. No less than guitar virtuoso Steve Vai noted Koch’s six-string prowess and promptly signed signed him to his Favored Nations label in 2001. <a href=""https://www.last.fm/music/Greg+Koch"">Read more on Last.fm</a>","5u5fY1T197Gn4ojVtIKLAR","Standing On Shakey Ground","https://p.scdn.co/mp3-preview/d9d02b3e70d597d5d1cd7cc42ea58965aaae4bf7","https://i.scdn.co/image/1d9a689ab1a7db4113062dc0f461180d743e4f85"
"58","7by60V2ChbeiVhwXK5Jk6l","Black Country Communion","blues-rock, electric blues, hard rock, southern rock","related",2,"Black Country Communion was an English-American hard rock band based in Los Angeles active from 2009-2013, California. Formed in 2009, the band is a supergroup comprising bassist and vocalist Glenn Hughes, guitarist and vocalist Joe Bonamassa, drummer Jason Bonham, and keyboardist Derek Sherinian. Originally formed by Hughes and Bonamassa with the help of producer Kevin Shirley, the group released its debut album Black Country in September 2010. Second album 2 followed in June 2011, which was promoted on a European tour later in the year. <a href=""https://www.last.fm/music/Black+Country+Communion"">Read more on Last.fm</a>","6aVCLowL8hENDLXFAczI0N","Song Of Yesterday","https://p.scdn.co/mp3-preview/43633f0436d12fb0fb07754d557ab7de9b45a6a7","https://i.scdn.co/image/8b05bf2556059cd761e221d82a3a319e50e2c963"
"59","41pVrfBHX3NMYeT0zaWzju","The Union","deep melodic hard rock, modern southern rock","related",2," A English rock band formed in 2009 as a Union of Peter Shoulder (Winterville) & Luke Morley (Thunder). They have released a self titled debut album and in December 2010, a single (This Time Next Year) in support of Childline.The Union were voted the best new band 2010 in the Classic Rock Roll Of Honour awards. Their second album, Siren's Song was released  in Sept/Oct 2011 and contained some of the bands most-loved live tracks such as the title track and the brilliant Obsession. <a href=""https://www.last.fm/music/The+Union"">Read more on Last.fm</a>","0vMpOr7O0RS0q9mqxhdOi0","Watch the River Flow","https://p.scdn.co/mp3-preview/f763f3483426fd76c1bf175522406da93a5a7446","https://i.scdn.co/image/2ddc2ab2e65f9f638263dbe5efde4eb3e9001cbc"
"60","0AD4odMWVQ2wUSlgxOB5Rl","Jeff Beck","album rock, art rock, blues, blues-rock, british blues, classic funk rock, classic rock, country blues, electric blues, folk, folk rock, hard rock, heavy christmas, jam band, jazz blues, jazz christmas, jazz fusion, mellow gold, modern blues, progressive rock, psychedelic rock, rock, rockabilly, roots rock, singer-songwriter, soft rock, soul blues, southern rock, symphonic rock, texas blues, traditional blues","related",2,"Geoffrey Arnold ""Jeff"" Beck (born 24 June 1944) is an English rock  guitarist. Jeff Beck was one of the three noted guitarists, the others being Eric Clapton and Jimmy Page, to have played with The Yardbirds. Beck was ranked 5th in Rolling Stone Magazine's list of the ""100 Greatest Guitarists of All Time"".

Beck burst onto the music scene in 1966 after joining The Yardbirds. Although his stint with the band lasted only 18 months, Beck played on almost all of the group’s hits. <a href=""https://www.last.fm/music/Jeff+Beck"">Read more on Last.fm</a>","4zoQ3EqopTIGmK2c2rPV5t","Cause We've Ended as Lovers","https://p.scdn.co/mp3-preview/0f81dbe0e8c21b6fda70ee990a48a350aa0f8490","https://i.scdn.co/image/8bb4d6fae362e4514c44025d11d4d717d6f537f4"
"61","3qcmjQYtotraA2JrvN8165","Tommy Castro","acoustic blues, blues-rock, british blues, chicago blues, country blues, electric blues, louisiana blues, modern blues, power blues-rock, soul blues, swamp blues, texas blues","related",7,"TOMMY CASTRO (1955/San Jose, CA – ) and his music sit squarely at the centre of an evolving tradition of rock and blues. Castro, winner of the 2008 Blues Music Award for Entertainer Of The Year, is famed not only for his hard-hitting, impassioned vocals, soaring guitar work and his blues-infused, rocking R&B sound, but also for his striking, original songwriting and exhilarating stage show. According to The San Francisco Chronicle, “Castro navigates seriously funky Southern soul <a href=""https://www.last.fm/music/Tommy+Castro"">Read more on Last.fm</a>","2SJNh4PzhhLd1kwpuBoU7O","Center of Attention","https://p.scdn.co/mp3-preview/803f27a209519803988b9dccb842ba9b5017855d","https://i.scdn.co/image/ed751d52b13628648752e285ac365657e883f512"
"62","56LMX8mqaIhJCaxjZBM1on","Tinsley Ellis","blues-rock, british blues, country blues, electric blues, memphis blues, modern blues, power blues-rock, soul blues, swamp blues, texas blues","related",5,"
Hard-rocking blues-soaked guitarist/vocalist/song-writer Tinsley Ellis sings and plays with the energy and soul of all the great Southern musicians who have come before him. Ellis attacks his music with rock power and blues feeling, following in the tradition of Deep South musical heroes Duane Allman, Freddie King, Derek Trucks and Warren Haynes. His live shows feature extended fretwork filled with melodic and rhythmic experimentation, in the spirit of jam bands like his friends Widespread Panic and The Allman Brothers. <a href=""https://www.last.fm/music/Tinsley+Ellis"">Read more on Last.fm</a>","5EPwi2txCtZgV5Vgs7NvC1","Bringing Home the Bacon","https://p.scdn.co/mp3-preview/f9bea6702e9d6526feac96531b835c0be5273a95","https://i.scdn.co/image/6178111943aab7c040c22cfdb705bfbedc660abe"
"63","5nU57S2m2i7gWujCtGKmAb","Coco Montoya","blues-rock, british blues, electric blues, louisiana blues, modern blues, power blues-rock, soul blues, swamp blues, texas blues","related",4,"Coco Montoya (b. 1951 in Santa Monica, CA) is a blues guitarist and former member of John Mayall & The Bluesbreakers.

Montoya's career began in the mid-70's when Albert Collins asked him to join his band as drummer. Collins took Montoya under his wing and taught him his ""icy hot"" guitar style. The two remained friends even after Montoya left Collins' band.

In the early 80's John Mayall heard Montoya playing guitar in a Los Angles bar. Soon after Mayall asked Montoya to join the newly reformed Bluesbreakers. <a href=""https://www.last.fm/music/Coco+Montoya"">Read more on Last.fm</a>","76FU8jKVZlWYcoVaGwAVo0","Back In A Cadillac","https://p.scdn.co/mp3-preview/396e2be769e4b0f442f151e309addfd51979a03a","https://i.scdn.co/image/cdd00c5d82b9fc234490f3a99e7e5c57d204ea97"
"64","7C1CFA2GWGFc51SrvX5Bvy","Robben Ford","blues, blues-rock, british blues, country blues, electric blues, modern blues, soul blues, swamp blues, texas blues, traditional blues","related",3,"Robben Ford (born December 16, 1951) is a blues, jazz and rock guitarist with a diverse career. 

He was born in Woodlake, California and raised in Ukiah. He taught himself guitar when he was 13 and considered his first influence to be Mike Bloomfield. At 18 he moved to San Francisco to form the Charles Ford Blues Band (named after his father, who was also a guitarist) featuring his brothers Mark (mouth harp) and Patrick (drums). 

Robben was soon hired to play with Charles Musselwhite for nine months. <a href=""https://www.last.fm/music/Robben+Ford"">Read more on Last.fm</a>","4erhDehVUKqGEDK96FMEYP","That Road","https://p.scdn.co/mp3-preview/77db0787f4dc7119ab7f77784ada48fbb918f078","https://i.scdn.co/image/2702ac5772453f20242f76e68968ebda2f498703"
"65","7Dk3koHTPpEymzuWOWzzny","Deborah Coleman","acoustic blues, country blues, electric blues, modern blues, swamp blues, texas blues","related",2,"Deborah Coleman (b. October 3, 1956 in Portsmouth, Virginia) is an American blues guitarist, songwriter and vocalist. Won the Orville Gibson Award for ""Best Blues Guitarist, Female"" in 2001.[1] Nominated for a W.C. Handy blues music award nine times.[2] Coleman has become one of the most sought-after blues artists on the scene.

Deborah was born in Portsmouth, Virginia and raised in a music-loving military family that lived in San Diego, San Francisco, Bremerton, Washington, and the Chicago area. <a href=""https://www.last.fm/music/Deborah+Coleman"">Read more on Last.fm</a>","0HPazJXESVCimRyMggplg5","I'm A Woman","https://p.scdn.co/mp3-preview/51f5d69e2bf6cae7c221c64c9e370a3fe0043521","https://i.scdn.co/image/34429e5d6315738173ac2bfed142ebe1856de4e7"
"66","70svT4F0xhbyQ5lQx6UE4b","Candye Kane","country blues, electric blues, modern blues, soul blues, swamp blues, texas blues","related",2,"Superhero is the name of Candye’s original song and the title of her soon-to-be-released album on Delta Groove records. It is also an apt description of the jump-blues singer and songwriter from East Los Angeles who has earned this moniker the hard way. Nominated for a 2008 National Blues Foundation Award for Best Blues Contemporary Female (the highest honor for blues artists) and beating down pancreatic cancer the same year, Kane is one tough cookie. <a href=""https://www.last.fm/music/Candye+Kane"">Read more on Last.fm</a>","4I5G1RoD0LbJ8q5VG5YdIs","You Need Love","https://p.scdn.co/mp3-preview/07d84d3fa0c32e15de68260b4215830c40f65dad","https://i.scdn.co/image/14c21654c802a54c65338ba0640065b390ead49d"
"67","4LSgIUOMJoKu4Egt0F6JML","Hamilton Loomis","blues-rock guitar, modern blues, power blues-rock, swamp blues, texas blues","related",2,"""INNOVATE DON'T IMITATE"" 

Hamilton Loomis took his mentor, Bo Diddley's advice. It speaks volumes when the likes of Diddley, Johnny ""Clyde"" Copeland, Clarence ""Gatemouth"" Brown, and Albert Collins take you under their wings.  The Texas sensation is at the forefront of bringing roots music into the 21st century and redefining it for a contemporary audience. Think about it. In a genre admittedly confined, how many blues artists claim to be Prince fans? How many blues artists today listen to metal and gypsy jazz from the 40s along with their B. <a href=""https://www.last.fm/music/Hamilton+Loomis"">Read more on Last.fm</a>","3QrZKsNvouBsjc0ySZFJLJ","Stuck in a Rut","https://p.scdn.co/mp3-preview/2eaac4cb477b393eebb44f70c604fc91456e571f","https://i.scdn.co/image/9a89eb91caac178ad794ade02d7ce28aba7b6a90"
"68","1uFixbBAduJkFAeRKznkvW","Albert Collins","acoustic blues, blues, blues-rock, british blues, chicago blues, classic rock, country blues, delta blues, electric blues, harmonica blues, jazz blues, louisiana blues, memphis blues, modern blues, piedmont blues, soul blues, swamp blues, texas blues, traditional blues","related",2,"Albert Collins (October 1, 1932 — November 24, 1993) was a blues guitarist, singer and musician. He had many nicknames, such as ""The Ice Man"", ""The Master of the Telecaster"" and ""The Razor Blade"".

Born in Leona, Texas, Collins was a distant relative of Lightnin' Hopkins and grew up learning about music and playing guitar. His family moved to Houston, Texas when he was seven. Throughout the 1940s and 1950s, he absorbed the blues sounds and styles from Texas, Mississippi and Chicago. His style would soon envelop these sounds. <a href=""https://www.last.fm/music/Albert+Collins"">Read more on Last.fm</a>","0NkbSdUKVUTouk8JLh9TjG","I Ain't Drunk","https://p.scdn.co/mp3-preview/cc6fd0cabd591e1bb7cd7abf73b1d96b4ed917aa","https://i.scdn.co/image/eb3d3f68e6def5a9670b82c9909416bfa067275b"
"69","6iDaoPZVgxrTkndDCisX8F","Keb' Mo'","acoustic blues, blues, blues-rock, british blues, chicago blues, country blues, delta blues, electric blues, jazz blues, jazz christmas, memphis blues, modern blues, new orleans blues, piedmont blues, roots rock, soul blues, texas blues, traditional blues","related",2,"Keb' Mo' (born October 3, 1951 in South Los Angeles, California as Kevin Moore) is an American blues singer, guitarist, and songwriter.

He first started recording in the early 1970s with Jefferson Airplane violinist Papa John Creach. Creach hired him when Moore was just twenty-one years old; Moore appeared on four of Creach's albums.

He was further immersed in the blues with his long stint in the Whodunit Band, headed by Bobby ""Blue"" Bland producer Monk Higgins. Moore jammed with Albert Collins and Big Joe Turner. <a href=""https://www.last.fm/music/Keb%27+Mo%27"">Read more on Last.fm</a>","3tvyQCSm1QcWURgGvygvke","Am I Wrong","https://p.scdn.co/mp3-preview/6093751a2ddef82fb28c23a0a211d3eff6d750cb","https://i.scdn.co/image/eb902fe4d9a08c415ba263056196d8ea9b835b6c"
"70","5pkhxmu1dRZWAmH082zLkN","Jay Jesse Johnson","power blues-rock","related",2,"Blues Rock Guitarist Jay Jesse Johnson has released his third solo cd with ""Play That Damn Guitar"" Born in rural Indiana, Johnson has been playing  his own style of heavy blues based rock since he picked the guitar. In 2006 he released his first solo cd ""Srange Imagination"" followed in 2007 by ""I've Got an Ax To Grind"". His music is a testament to the loud and gritty sound of classic guitar blues/rock.

 Jay Jesse Johnson is a seasoned veteran of the guitar. <a href=""https://www.last.fm/music/Jay+Jesse+Johnson"">Read more on Last.fm</a>","3THGSV8rC76qHEIMWS3EXK","Six String Angel - Dedicated To Jimi","https://p.scdn.co/mp3-preview/deb46518e94081f54991b2767344ef67f8d1f098","https://i.scdn.co/image/c48daf7201f3ab5d2ed8836dace43c6642cb8789"
