numLikes,location,image_urls,numComments
587454,NA,https://scontent.cdninstagram.com/t51.2885-15/s480x480/e35/12716520_455050264704928_931883785_n.jpg?ig_cache_key=MTE4ODU0NTk2NDQ3OTQxNTY0NQ%3D%3D.2,2495
921233,NA,https://scontent.cdninstagram.com/t51.2885-15/s480x480/e35/12677678_965542543499984_1148651076_n.jpg?ig_cache_key=MTE4NzkzMzAwNzk2MTcyMDMxOQ%3D%3D.2,5418
1405852,NA,https://scontent.cdninstagram.com/t51.2885-15/s480x480/e35/c80.0.920.920/12748492_1669403156610419_100307100_n.jpg?ig_cache_key=MTE4NzI5OTY0MTYxNjgyODE3MA%3D%3D.2.c,11265
697515,NA,https://scontent.cdninstagram.com/t51.2885-15/s480x480/e35/c180.0.720.720/12747793_189415721424432_915755696_n.jpg?ig_cache_key=MTE4NzI5NzQzMjA1NzQ4MDkxOQ%3D%3D.2.c,1695
716818,NA,https://scontent.cdninstagram.com/t51.2885-15/s480x480/e35/10522804_1672251326374414_2087619618_n.jpg?ig_cache_key=MTE4NzIwOTMzNTI5MDUyOTMyNw%3D%3D.2,2202
635248,NA,https://scontent.cdninstagram.com/t51.2885-15/s480x480/e35/12716642_1709302319307644_1919699240_n.jpg?ig_cache_key=MTE4NzAzMjcyMzY4NTE4MTI1OQ%3D%3D.2,2952
638263,NA,https://scontent.cdninstagram.com/t51.2885-15/s480x480/e35/c135.0.810.810/12750352_1043115459085739_2080291929_n.jpg?ig_cache_key=MTE4NzAzMjEzODQ2MjMzMjcyOQ%3D%3D.2.c,1264
683285,NA,https://scontent.cdninstagram.com/t51.2885-15/s480x480/e35/12716903_1133985196614736_700192737_n.jpg?ig_cache_key=MTE4NzAzMTY5Mjk1MTc1MDQ0MA%3D%3D.2,3192
774319,NA,https://scontent.cdninstagram.com/t51.2885-15/s480x480/e35/c0.134.1080.1080/12750240_1040253542684637_962466227_n.jpg?ig_cache_key=MTE4NjU3MzExNzE2Mjg1MDI3NA%3D%3D.2.c,3900
671045,NA,https://scontent.cdninstagram.com/t51.2885-15/s480x480/e35/c125.0.500.500/12724842_506855036164459_1895870814_n.jpg?ig_cache_key=MTE4NjU3MjM0NDEyNzQ1NzIyNg%3D%3D.2.c,1854
812391,NA,http://scontent.cdninstagram.com/t51.2885-15/s480x480/e35/c0.134.1080.1080/12748197_1677243885884083_226060682_n.jpg?ig_cache_key=MTE4NjU3MTY5MjA5NzczNDU4Ng%3D%3D.2.c,1727
572193,NA,http://scontent.cdninstagram.com/t51.2885-15/s480x480/e35/12750181_1218283041518741_1090642648_n.jpg?ig_cache_key=MTE4NjUwMTE4OTA5Mzg4NTMyMQ%3D%3D.2,1713
589414,NA,http://scontent.cdninstagram.com/t51.2885-15/s480x480/e35/12728405_469557599894794_499532378_n.jpg?ig_cache_key=MTE4NTg1Njc5NjUxOTM2Nzc1NQ%3D%3D.2,3310
587871,NA,http://scontent.cdninstagram.com/t51.2885-15/s480x480/e35/12749952_1538900903075193_1588723178_n.jpg?ig_cache_key=MTE4NTg1NTk1MDg2Mzc5NTI1OA%3D%3D.2,8948
610451,NA,http://scontent.cdninstagram.com/t51.2885-15/s480x480/e35/12729675_738441006292110_1731802660_n.jpg?ig_cache_key=MTE4NTg1NTI1ODAxNTEwNjA4Mg%3D%3D.2,2343
302251,NA,http://scontent.cdninstagram.com/t51.2885-15/s480x480/e35/c0.134.1080.1080/11376413_1746940905534931_908260228_n.jpg?ig_cache_key=MTE4NTc2NjkzNTU3NzgyMjg2OA%3D%3D.2.c,2089
671910,NA,http://scontent.cdninstagram.com/t51.2885-15/s480x480/e35/12729615_1698817110365666_920257869_n.jpg?ig_cache_key=MTE4NTU4MjQ3MTgxNTk1NjMxMw%3D%3D.2,2979
731373,NA,http://scontent.cdninstagram.com/t51.2885-15/s480x480/e35/c0.134.1080.1080/12751045_595491367275414_1286584760_n.jpg?ig_cache_key=MTE4NTAzNTc2NzUzNDM4ODcxMQ%3D%3D.2.c,4213
786481,NA,http://scontent.cdninstagram.com/t51.2885-15/s480x480/e35/12747808_571759236323584_1064771207_n.jpg?ig_cache_key=MTE4NDEzNTYzNjg2MTY1MDIzMA%3D%3D.2,4156
1102089,NA,http://scontent.cdninstagram.com/t51.2885-15/s480x480/e35/12677340_1557408237908711_570974505_n.jpg?ig_cache_key=MTE4MzY5MzAxMjA2OTU4MjU3Mg%3D%3D.2,9424
874400,NA,http://scontent.cdninstagram.com/t51.2885-15/s480x480/e35/c0.116.937.937/12716614_744626432303586_114328329_n.jpg?ig_cache_key=MTE4MzYxODY5NTkwNjUyNzIwMQ%3D%3D.2.c,5601
910909,NA,http://scontent.cdninstagram.com/t51.2885-15/s480x480/e35/12747820_943891205695922_1496517413_n.jpg?ig_cache_key=MTE4MzQwNzgyMzMwNTExNTYwNg%3D%3D.2,4807
675484,NA,http://scontent.cdninstagram.com/t51.2885-15/s480x480/e35/12729657_1546393042337892_1774806108_n.jpg?ig_cache_key=MTE4Mjg2MTA0OTY0OTc1OTgwOQ%3D%3D.2,7381
1009590,NA,http://scontent.cdninstagram.com/t51.2885-15/s480x480/e35/12628014_1678721312383435_307212998_n.jpg?ig_cache_key=MTE4MjE0MDk4MTE3NzU0OTg4Ng%3D%3D.2,15023
763764,NA,http://scontent.cdninstagram.com/t51.2885-15/s480x480/e35/12599327_1499159787059643_52723924_n.jpg?ig_cache_key=MTE4MTk1Nzk2MDYwMDE5Mjc4NA%3D%3D.2,6960
470378,NA,http://scontent.cdninstagram.com/t51.2885-15/s480x480/e35/12558665_798627776933704_463240779_n.jpg?ig_cache_key=MTE4MTUwODQ2ODQ0OTAxODg5NQ%3D%3D.2,5910
828685,NA,http://scontent.cdninstagram.com/t51.2885-15/s480x480/e35/12725079_1207571315938581_1598205609_n.jpg?ig_cache_key=MTE4MTUwNzc1Mzg5OTAwMDgzNQ%3D%3D.2,4717
457145,NA,http://scontent.cdninstagram.com/t51.2885-15/s480x480/e35/c0.134.1080.1080/12728487_1557345837915364_1577427496_n.jpg?ig_cache_key=MTE4MTUwNzA1ODMxNTYyNjQ4MA%3D%3D.2.c,1431
722592,NA,http://scontent.cdninstagram.com/t51.2885-15/s480x480/e35/12446147_658721954276554_295620221_n.jpg?ig_cache_key=MTE4MTQzMTc5NjY1NTc4NTE0OQ%3D%3D.2,2669
752411,NA,http://scontent.cdninstagram.com/t51.2885-15/s480x480/e35/12530998_164368163941560_1421307617_n.jpg?ig_cache_key=MTE4MDc4MTM1NDA0OTQwNjE5Ng%3D%3D.2,3015
767824,NA,http://scontent.cdninstagram.com/t51.2885-15/s480x480/e35/12568062_1743165332566450_41293028_n.jpg?ig_cache_key=MTE4MDc4MDg4MzEyMTM0MTY3Ng%3D%3D.2,1989
740676,NA,http://scontent.cdninstagram.com/t51.2885-15/s480x480/e35/12568979_1012633655462853_2000037130_n.jpg?ig_cache_key=MTE4MDc4MDMzNjAzMzEwNTExOA%3D%3D.2,2376
634976,NA,http://scontent.cdninstagram.com/t51.2885-15/s480x480/e35/c180.0.719.719/12725073_952572128156854_1553526552_n.jpg?ig_cache_key=MTE4MDY5NzM4OTUxMDc1NTQ2NA%3D%3D.2.c,2135
709930,NA,http://scontent.cdninstagram.com/t51.2885-15/s480x480/e35/12555852_966007303478879_1161809207_n.jpg?ig_cache_key=MTE4MDU5NTk2MTA4MTQzMTI4Mg%3D%3D.2,25552
550829,NA,http://scontent.cdninstagram.com/t51.2885-15/s480x480/e35/12716659_1132312023468026_1499000721_n.jpg?ig_cache_key=MTE4MDUwOTQ4NDk3Njc2ODU1Ng%3D%3D.2,2642
534675,NA,http://scontent.cdninstagram.com/t51.2885-15/s480x480/e35/c0.91.1080.1080/12552376_468806783308327_1944204312_n.jpg?ig_cache_key=MTE3OTk5MzYwOTU4NDU3NTc1MQ%3D%3D.2.c,3286
526002,NA,http://scontent.cdninstagram.com/t51.2885-15/s480x480/e35/12424610_1697535187129645_411414108_n.jpg?ig_cache_key=MTE3OTk2NjI5NTk5MTcxNTIwMA%3D%3D.2,3875
655231,NA,http://scontent.cdninstagram.com/t51.2885-15/s480x480/e35/12552306_1639859046267597_1866071848_n.jpg?ig_cache_key=MTE3OTc4MzY1MzQxMzQyMjM4MA%3D%3D.2,4674
496245,NA,http://scontent.cdninstagram.com/t51.2885-15/s480x480/e35/c0.83.890.890/12627992_1122966534389599_1262199036_n.jpg?ig_cache_key=MTE3OTI0NDE3OTY1ODk2Njc5OA%3D%3D.2.c,3878
672854,NA,http://scontent.cdninstagram.com/t51.2885-15/s480x480/e35/12383321_1687342551534713_1046319229_n.jpg?ig_cache_key=MTE3ODU1MTU5ODU0MTI0MzQwMQ%3D%3D.2,3983
692351,NA,http://scontent.cdninstagram.com/t51.2885-15/s480x480/e35/c0.117.1080.1080/12599003_815850878560367_1435993105_n.jpg?ig_cache_key=MTE3ODMzNjYxMDA2OTMxNzM5Mw%3D%3D.2.c,3772
787562,NA,http://scontent.cdninstagram.com/t51.2885-15/s480x480/e35/12547429_595836710564344_1397690783_n.jpg?ig_cache_key=MTE3NzYwOTMzMTk5OTU3MzU1Mw%3D%3D.2,2919
730285,NA,http://scontent.cdninstagram.com/t51.2885-15/s480x480/e35/12424828_1094114423941990_1703179497_n.jpg?ig_cache_key=MTE3NzE3MDcyMjIwNTAwOTY1NQ%3D%3D.2,4017
737377,NA,http://scontent.cdninstagram.com/t51.2885-15/s480x480/e35/10358400_777905432341769_769435493_n.jpg?ig_cache_key=MTE3NzA3MDEwNDc3NzkxNzczMw%3D%3D.2,3402
692962,NA,http://scontent.cdninstagram.com/t51.2885-15/s480x480/e35/12501785_869449903154259_1804695443_n.jpg?ig_cache_key=MTE3Njg5MDA5MzYwNTI5MTQ2NA%3D%3D.2,2715
1417248,NA,http://scontent.cdninstagram.com/t51.2885-15/s480x480/e35/c0.134.1080.1080/12555934_781207582023434_413705640_n.jpg?ig_cache_key=MTE3NjQ1MjQxNTAzMDEwMTkwNQ%3D%3D.2.c,9651
859653,NA,http://scontent.cdninstagram.com/t51.2885-15/s480x480/e35/12568158_1513751245597074_1857316342_n.jpg?ig_cache_key=MTE3NjQ1MTM2MzI5MTU5NjY2Nw%3D%3D.2,2244
626348,NA,http://scontent.cdninstagram.com/t51.2885-15/s480x480/e35/c0.135.1080.1080/12519241_843551665753457_1495209659_n.jpg?ig_cache_key=MTE3NjM0NTI5MDUxNzg0MTQ0NA%3D%3D.2.c,2603
707015,NA,http://scontent.cdninstagram.com/t51.2885-15/s480x480/e35/12424839_966494483420885_95512343_n.jpg?ig_cache_key=MTE3NTYyMDEwMzM0MjE5NjE4NA%3D%3D.2,2809
873120,NA,http://scontent.cdninstagram.com/t51.2885-15/s480x480/e35/12627880_1558660821111060_432258081_n.jpg?ig_cache_key=MTE3NTYxOTA3MjA0NjcyODYzNw%3D%3D.2,4647
733650,NA,http://scontent.cdninstagram.com/t51.2885-15/s480x480/e35/12547746_449400011921998_1484617020_n.jpg?ig_cache_key=MTE3NTQzNjMwNzY0OTA3MDMwOA%3D%3D.2,3517
1291946,Bromo Tengger Semeru National Park,http://scontent.cdninstagram.com/t51.2885-15/s480x480/e35/12543393_228458367488914_465577124_n.jpg?ig_cache_key=MTE3NDg5NDQzNzgyMjk1NzEzMg%3D%3D.2,10696
1063474,NA,http://scontent.cdninstagram.com/t51.2885-15/s480x480/e35/12552405_1755346084695504_1270311307_n.jpg?ig_cache_key=MTE3NDE2NjE1NjE4MjA5NTI2MA%3D%3D.2,5987
745199,NA,http://scontent.cdninstagram.com/t51.2885-15/s480x480/e35/12445988_962091907192815_1531012774_n.jpg?ig_cache_key=MTE3Mzk4NTMxNjMxNTY2MTY2Nw%3D%3D.2,3579
995364,NA,http://scontent.cdninstagram.com/t51.2885-15/s480x480/e35/12501752_1705195426434014_1577173539_n.jpg?ig_cache_key=MTE3MzQ2MDg3OTQxNzg2OTY1MQ%3D%3D.2,4773
717803,NA,http://scontent.cdninstagram.com/t51.2885-15/s480x480/e35/12547219_1685404501734431_582876225_n.jpg?ig_cache_key=MTE3MzI2NjEyMDI3NTQ2MTk5MQ%3D%3D.2,2980
625008,NA,http://scontent.cdninstagram.com/t51.2885-15/s480x480/e35/c0.135.1080.1080/12534213_1683024655286361_336778301_n.jpg?ig_cache_key=MTE3MjcyMjAwNjkyNDUyNjYxNg%3D%3D.2.c,3365
903906,NA,http://scontent.cdninstagram.com/t51.2885-15/s480x480/e35/c132.0.815.815/12599051_1065375583523602_899315302_n.jpg?ig_cache_key=MTE3MjUzNTIyMDg4NTU4NzgxNw%3D%3D.2.c,5052
881255,NA,http://scontent.cdninstagram.com/t51.2885-15/s480x480/e35/12479316_1557029781283509_765942961_n.jpg?ig_cache_key=MTE3MjA4MTg2NjI0MTgwMzc5NA%3D%3D.2,4076
736565,NA,http://scontent.cdninstagram.com/t51.2885-15/s480x480/e35/12394047_1729086340653708_495638670_n.jpg?ig_cache_key=MTE3MTgxNTc3NDM0NDc3NTQwNQ%3D%3D.2,2631
985221,NA,http://scontent.cdninstagram.com/t51.2885-15/s480x480/e35/c0.135.1080.1080/12534246_1738006493087133_1014757808_n.jpg?ig_cache_key=MTE3MTM1NTY5ODA2ODc4NDgzNQ%3D%3D.2.c,4554
838999,NA,http://scontent.cdninstagram.com/t51.2885-15/s480x480/e35/12407498_1707752436178513_758751723_n.jpg?ig_cache_key=MTE3MTM1NDcwODI4MDE0OTY4MA%3D%3D.2,2231
929534,NA,http://scontent.cdninstagram.com/t51.2885-15/s480x480/e35/12568725_1763879580506740_598759272_n.jpg?ig_cache_key=MTE3MTI3NzUzMzc5MTE5MzAzNw%3D%3D.2,3266
784949,NA,http://scontent.cdninstagram.com/t51.2885-15/s480x480/e35/12552343_921523664564276_2044688348_n.jpg?ig_cache_key=MTE3MDU0NzAxNzA1NjA2MTExMw%3D%3D.2,4638
682835,NA,http://scontent.cdninstagram.com/t51.2885-15/s480x480/e35/c100.0.879.879/12552199_1562447587413795_50072936_n.jpg?ig_cache_key=MTE3MDU0NjI1NjkzMDczNTc3OA%3D%3D.2.c,2252
835239,NA,http://scontent.cdninstagram.com/t51.2885-15/s480x480/e35/12547735_1691542087770674_1507947546_n.jpg?ig_cache_key=MTE3MDU0NTI1ODI0MTc4NzUyNA%3D%3D.2,3511
768470,NA,http://scontent.cdninstagram.com/t51.2885-15/s480x480/e35/12552319_531219897052000_1473858835_n.jpg?ig_cache_key=MTE2OTgyMDc3Njc4Mjk1NjEzMw%3D%3D.2,3969
884696,NA,http://scontent.cdninstagram.com/t51.2885-15/s480x480/e35/12383216_492543157620693_1212922843_n.jpg?ig_cache_key=MTE2OTA5NDM0NzMyOTk2MzcxNA%3D%3D.2,5562
1061669,NA,http://scontent.cdninstagram.com/t51.2885-15/s480x480/e35/c0.99.1080.1080/12568078_563279180515002_580567986_n.jpg?ig_cache_key=MTE2ODkxNDcxMjQ0NTEyNTg0MA%3D%3D.2.c,7090
830205,NA,http://scontent.cdninstagram.com/t51.2885-15/s480x480/e35/12394150_1654315054830579_1738085793_n.jpg?ig_cache_key=MTE2ODM4ODQ3OTY4MDU3OTEzOA%3D%3D.2,4230
895690,NA,http://scontent.cdninstagram.com/t51.2885-15/s480x480/e35/12446173_775558942548392_1858239491_n.jpg?ig_cache_key=MTE2ODE4ODQ2NDQzNzcyNDk0OQ%3D%3D.2,3679
758365,NA,http://scontent.cdninstagram.com/t51.2885-15/s480x480/e35/12547444_1009279712463269_632235765_n.jpg?ig_cache_key=MTE2NzczNTIwOTU0Mjg3ODI1OA%3D%3D.2,3787
945303,NA,http://scontent.cdninstagram.com/t51.2885-15/s480x480/e35/12534578_150874441955624_567088321_n.jpg?ig_cache_key=MTE2NzY0Njg3NDI4NzgwMjI2Mw%3D%3D.2,5914
823023,NA,http://scontent.cdninstagram.com/t51.2885-15/s480x480/e35/c68.0.613.613/12424699_1721924624760773_319705608_n.jpg?ig_cache_key=MTE2NzQ2NjgwMDgyOTc2MTM2MQ%3D%3D.2.c,2806
753391,NA,http://scontent.cdninstagram.com/t51.2885-15/s480x480/e35/12545389_514191308752524_1151660800_n.jpg?ig_cache_key=MTE2NzAwNDEwNDA0NDkwNTU5OA%3D%3D.2,4050
765064,NA,http://scontent.cdninstagram.com/t51.2885-15/s480x480/e35/12543101_1073031766081884_659151_n.jpg?ig_cache_key=MTE2NzAwMzA5MjgxNDk4ODM5MA%3D%3D.2,4019
832811,NA,http://scontent.cdninstagram.com/t51.2885-15/s480x480/e35/12501971_882015315249001_1789236712_n.jpg?ig_cache_key=MTE2NjkyNDkzMTc4Mzc4Nzc2NA%3D%3D.2,2711
871029,NA,http://scontent.cdninstagram.com/t51.2885-15/s480x480/e35/12479483_1653278438259595_4171848_n.jpg?ig_cache_key=MTE2NjczOTc3NzI3MDM4Mzk0NQ%3D%3D.2,3247
684750,NA,http://scontent.cdninstagram.com/t51.2885-15/s480x480/e35/c66.0.948.948/12501735_1675587712718147_2011595269_n.jpg?ig_cache_key=MTE2NjI5MzQ3Mjk0MTI0NTc2Ng%3D%3D.2.c,2926
796067,NA,http://scontent.cdninstagram.com/t51.2885-15/s480x480/e35/12424855_1028051660551059_2067077078_n.jpg?ig_cache_key=MTE2NjE5MjEzNjMxNjg0ODA4NQ%3D%3D.2,4840
1153833,NA,http://scontent.cdninstagram.com/t51.2885-15/s480x480/e35/c0.135.1080.1080/12543219_555600547937231_276088711_n.jpg?ig_cache_key=MTE2NTQ5Mjg0MTk0NzEzNzU2MA%3D%3D.2.c,10425
800469,NA,http://scontent.cdninstagram.com/t51.2885-15/s480x480/e35/12568705_213261579013904_407433953_n.jpg?ig_cache_key=MTE2NTQ5MTI0NDMxMTU3ODA4Ng%3D%3D.2,3266
855286,NA,http://scontent.cdninstagram.com/t51.2885-15/s480x480/e35/c0.119.1080.1080/12543182_456269347904854_1171663426_n.jpg?ig_cache_key=MTE2NTQ4NjM2NzQzNDkzMzYxNw%3D%3D.2.c,2589
645824,NA,http://scontent.cdninstagram.com/t51.2885-15/s480x480/e35/c180.0.719.719/12558877_899962633449978_675419443_n.jpg?ig_cache_key=MTE2NTI5MjkyMjE1ODI1MzQyNg%3D%3D.2.c,3195
803190,NA,http://scontent.cdninstagram.com/t51.2885-15/s480x480/e35/12543241_174191656275795_323484235_n.jpg?ig_cache_key=MTE2NDcyNTk3NTQxODk5NjEzOA%3D%3D.2,4585
773420,NA,http://scontent.cdninstagram.com/t51.2885-15/s480x480/e35/12568169_1541464496151912_1758201707_n.jpg?ig_cache_key=MTE2NDU2NDI0MTE3NzcwNzk3NQ%3D%3D.2,3353
893707,NA,http://scontent.cdninstagram.com/t51.2885-15/s480x480/e35/12568332_503345739827134_226532726_n.jpg?ig_cache_key=MTE2NDAyMTU5ODI1NzQ4MDg3Nw%3D%3D.2,4685
1144178,NA,http://scontent.cdninstagram.com/t51.2885-15/s480x480/e35/12407319_455536331319490_808285917_n.jpg?ig_cache_key=MTE2Mzg0OTExODkzOTE1MzcyNw%3D%3D.2,5438
859026,"Tlacolula, Oax.",http://scontent.cdninstagram.com/t51.2885-15/s480x480/e35/12552449_959000900837306_988704931_n.jpg?ig_cache_key=MTE2MzMxOTA1ODA5MjA2NjE0Nw%3D%3D.2,4197
578849,NA,http://scontent.cdninstagram.com/t51.2885-15/s480x480/e35/12446258_1534422643539135_1960676716_n.jpg?ig_cache_key=MTE2MjU3MDQxOTUwNTc5MjA2Mg%3D%3D.2,3763
782162,NA,http://scontent.cdninstagram.com/t51.2885-15/s480x480/e35/12534215_875932085857092_1969414384_n.jpg?ig_cache_key=MTE2MjM4Nzg4OTQ2OTA2NDIwNA%3D%3D.2,4114
639455,NA,http://scontent.cdninstagram.com/t51.2885-15/s480x480/e35/c179.0.721.721/10601671_1008122145915154_1569836756_n.jpg?ig_cache_key=MTE2MTg0NTAxNTYxMDQ1OTYyNg%3D%3D.2.c,3305
863439,NA,http://scontent.cdninstagram.com/t51.2885-15/s480x480/e35/1173067_890921427673300_1527528788_n.jpg?ig_cache_key=MTE2MTEyNjMwMTI2MDkwODQ3Ng%3D%3D.2,4519
873995,NA,http://scontent.cdninstagram.com/t51.2885-15/s480x480/e35/12545473_748602371908505_1884171040_n.jpg?ig_cache_key=MTE2MDQ4NTc3NDcwMjIxNzAwNw%3D%3D.2,3909
840188,NA,http://scontent.cdninstagram.com/t51.2885-15/e35/c80.0.480.480/1389112_215590692108508_550483639_n.jpg?ig_cache_key=MTE2MDA5Mjc3NDcwMDQ4NDQxNA%3D%3D.2.c,12115
870001,NA,http://scontent.cdninstagram.com/t51.2885-15/s480x480/e35/12534318_795841323861272_435950233_n.jpg?ig_cache_key=MTE1OTg0NDU2NjIwODQxNTEzNQ%3D%3D.2,4797
702977,NA,http://scontent.cdninstagram.com/t51.2885-15/s480x480/e35/12534568_1082087405157337_1317987642_n.jpg?ig_cache_key=MTE1OTY4ODEzMjczNjkxMDcxNQ%3D%3D.2,5554
671509,NA,http://scontent.cdninstagram.com/t51.2885-15/s480x480/e35/12531014_127516730958948_844380209_n.jpg?ig_cache_key=MTE1ODkyNTg5NDAzNjAzMDczMg%3D%3D.2,4335
855503,NA,http://scontent.cdninstagram.com/t51.2885-15/s480x480/e35/c73.0.934.934/12446027_522520411255531_1476966855_n.jpg?ig_cache_key=MTE1ODc2NTg5NDM5MTEwNTMwMA%3D%3D.2.c,6810
1179634,NA,http://scontent.cdninstagram.com/t51.2885-15/s480x480/e35/c83.0.720.720/12383209_1709593452609659_102308806_n.jpg?ig_cache_key=MTE1NzUwNzE3NTMzMDE1NDQ0NQ%3D%3D.2.c,6107
1143282,NA,http://scontent.cdninstagram.com/t51.2885-15/s480x480/e35/1172108_932163743558331_1121904512_n.jpg?ig_cache_key=MTE1NzMxNTA4Mzc1NjcwMTA3Nw%3D%3D.2,7165
914941,NA,http://scontent.cdninstagram.com/t51.2885-15/s480x480/e35/12446220_967740466626326_270213137_n.jpg?ig_cache_key=MTE1Njc3MzA5NTc0MzQ4OTYzOQ%3D%3D.2,4738
756054,NA,http://scontent.cdninstagram.com/t51.2885-15/s480x480/e35/c0.134.1080.1080/12523681_521214291379390_854235031_n.jpg?ig_cache_key=MTE1NjYwMTg0NDkwMzI0OTYzMQ%3D%3D.2.c,2980
889128,NA,http://scontent.cdninstagram.com/t51.2885-15/s480x480/e35/916487_781962598598938_117440610_n.jpg?ig_cache_key=MTE1NjE2OTE4NjE4MDEzODU3NA%3D%3D.2,4254
878901,NA,http://scontent.cdninstagram.com/t51.2885-15/s480x480/e35/10954668_930330023710512_555132029_n.jpg?ig_cache_key=MTE1NjE2NzkyMzUxODQ3Mzc3Nw%3D%3D.2,2492
708584,NA,http://scontent.cdninstagram.com/t51.2885-15/s480x480/e35/c0.133.1066.1066/12479474_1074775782587132_1457825453_n.jpg?ig_cache_key=MTE1NjA0ODMyMTg0OTM5NDg2Mw%3D%3D.2.c,2903
936970,NA,http://scontent.cdninstagram.com/t51.2885-15/s480x480/e35/929282_707984672666145_1866117634_n.jpg?ig_cache_key=MTE1NTM4MDgxNDM2NDg3MDMxOA%3D%3D.2,3587
916195,NA,http://scontent.cdninstagram.com/t51.2885-15/s480x480/e35/10955435_1677832675817426_1381332245_n.jpg?ig_cache_key=MTE1NTM3OTY4MTE4MTM2OTk5Mg%3D%3D.2,3062
736217,NA,http://scontent.cdninstagram.com/t51.2885-15/s480x480/e35/10616656_454235798110366_1893195791_n.jpg?ig_cache_key=MTE1NTEzOTgxMDk4MjQzMDE5MQ%3D%3D.2,3977
907652,NA,http://scontent.cdninstagram.com/t51.2885-15/s480x480/e35/1515264_1676204869324471_1639019025_n.jpg?ig_cache_key=MTE1NDYwMDAxNjc0OTU5NDE5MQ%3D%3D.2,5824
1258519,NA,http://scontent.cdninstagram.com/t51.2885-15/s480x480/e35/c163.0.753.753/916031_877709308994691_37901566_n.jpg?ig_cache_key=MTE1NDQxNDQyNjY3NDQ5Njc3Mw%3D%3D.2.c,5725
1403120,NA,http://scontent.cdninstagram.com/t51.2885-15/s480x480/e35/12393596_1662193544028979_614769375_n.jpg?ig_cache_key=MTE1Mzg3Mzg0MjQxOTMzNjIyOQ%3D%3D.2,15213
1178543,NA,http://scontent.cdninstagram.com/t51.2885-15/s480x480/e35/10729291_433184203545688_2073545148_n.jpg?ig_cache_key=MTE1MzY5Mjk5NDI4MTczNjE4MA%3D%3D.2,7428
820963,NA,http://scontent.cdninstagram.com/t51.2885-15/s480x480/e35/917617_1500495966920600_862116681_n.jpg?ig_cache_key=MTE1MzE0ODA3MTk0MTgzNDI3MQ%3D%3D.2,4198
1326901,NA,http://scontent.cdninstagram.com/t51.2885-15/s480x480/e35/c0.100.800.800/1169097_1734645646757531_1945832889_n.jpg?ig_cache_key=MTE1Mjk2Nzc4MDMyMTI2NDkzMA%3D%3D.2.c,8711
802144,NA,http://scontent.cdninstagram.com/t51.2885-15/s480x480/e35/c135.0.810.810/916452_936732316416938_1102668184_n.jpg?ig_cache_key=MTE1MjYzNjYyNjA3MDIwOTg4OQ%3D%3D.2.c,1995
833570,NA,http://scontent.cdninstagram.com/t51.2885-15/s480x480/e35/10261205_807270292752451_340601967_n.jpg?ig_cache_key=MTE1MjIzODM2MzUxNzE5MTgyMA%3D%3D.2,4490
715554,NA,http://scontent.cdninstagram.com/t51.2885-15/s480x480/e35/c180.0.719.719/10254350_900578736704323_366010603_n.jpg?ig_cache_key=MTE1MTUxOTY4MzIxNzAwMDM4Nw%3D%3D.2.c,2642
1117056,NA,http://scontent.cdninstagram.com/t51.2885-15/s480x480/e35/12362175_1530724133920584_201100729_n.jpg?ig_cache_key=MTE1MDk3ODA1NDU2MzM2Njc0NA%3D%3D.2,12650
709952,NA,http://scontent.cdninstagram.com/t51.2885-15/s480x480/e35/12356556_1659142697707405_1979531918_n.jpg?ig_cache_key=MTE1MDI2NTQ2NDczNjUxNTgzNw%3D%3D.2,3621
760168,NA,http://scontent.cdninstagram.com/t51.2885-15/s480x480/e35/10661097_1650175821898724_559526321_n.jpg?ig_cache_key=MTE1MDA3NDk1MjQwMjQwNTI1Mg%3D%3D.2,3539
924583,NA,http://scontent.cdninstagram.com/t51.2885-15/s480x480/e35/1171048_1550295521928451_1322958393_n.jpg?ig_cache_key=MTE0OTUyNTAwMTIzNDYxMzUzOQ%3D%3D.2,4848
1171142,NA,http://scontent.cdninstagram.com/t51.2885-15/s480x480/e35/c0.135.1080.1080/926971_236788779985606_1571211245_n.jpg?ig_cache_key=MTE0OTM0OTU5NjU0ODYyOTc4Ng%3D%3D.2.c,6326
1043349,NA,http://scontent.cdninstagram.com/t51.2885-15/s480x480/e35/12141987_1053972097998655_1585689950_n.jpg?ig_cache_key=MTE0ODYyMzU2NzEzOTk2NDA5NQ%3D%3D.2,5600
1061113,NA,http://scontent.cdninstagram.com/t51.2885-15/s480x480/e35/12346183_932103216827150_705418411_n.jpg?ig_cache_key=MTE0ODA5MDg5MjIxODA3NDk3MQ%3D%3D.2,4763
748389,NA,https://scontent.cdninstagram.com/t51.2885-15/s480x480/e35/12357718_187680178248449_1918040320_n.jpg?ig_cache_key=MTE0NzE4MzU0NjY0NjIwMTM5Mw%3D%3D.2,6530
915010,NA,https://scontent.cdninstagram.com/t51.2885-15/s480x480/e35/12357565_1691540251058930_739176489_n.jpg?ig_cache_key=MTE0NjYyMjg3NjY0OTMyNjU0Mg%3D%3D.2,4970
719722,NA,https://scontent.cdninstagram.com/t51.2885-15/s480x480/e35/12354003_113780115663193_660388580_n.jpg?ig_cache_key=MTE0NjQ0MzE5MzY1NTgyMjEyOQ%3D%3D.2,3119
898913,NA,https://scontent.cdninstagram.com/t51.2885-15/s480x480/e35/12317404_107129612995829_1539874644_n.jpg?ig_cache_key=MTE0NTcxNjc0OTkwMDI1MjQ3Ng%3D%3D.2,10807
660266,NA,https://scontent.cdninstagram.com/t51.2885-15/s480x480/e35/12338739_187445258271191_625472494_n.jpg?ig_cache_key=MTE0NTE5ODEzNDE0Mjc2NDE3Nw%3D%3D.2,3189
742060,NA,https://scontent.cdninstagram.com/t51.2885-15/s480x480/e35/12353389_1662591530678468_436358437_n.jpg?ig_cache_key=MTE0NTAwMDAyODg0MzM0NTA5OQ%3D%3D.2,3424
696751,NA,https://scontent.cdninstagram.com/t51.2885-15/s480x480/e35/12356477_1510688559261429_265448292_n.jpg?ig_cache_key=MTE0NDQ1NzYwMTM2NzczODE2NA%3D%3D.2,3987
908351,NA,https://scontent.cdninstagram.com/t51.2885-15/s480x480/e35/12331810_1014720725218040_139020770_n.jpg?ig_cache_key=MTE0NDI2OTIwMTI3NjczMjUyNg%3D%3D.2,3894
785913,NA,https://scontent.cdninstagram.com/t51.2885-15/s480x480/e35/12339047_1498552007113065_262297322_n.jpg?ig_cache_key=MTE0MzU0ODM0OTMyNTMxMzIxMw%3D%3D.2,5576
926963,NA,http://scontent.cdninstagram.com/t51.2885-15/s480x480/e35/12353874_1504963899833015_61942201_n.jpg?ig_cache_key=MTE0MjI4MjA4MTMwNTY5MTM3NA%3D%3D.2,5008
989669,NA,http://scontent.cdninstagram.com/t51.2885-15/s480x480/e35/c0.134.1080.1080/12357696_1075049429180164_670078623_n.jpg?ig_cache_key=MTE0MTU3NTk2MjI0MTMzNjMyOQ%3D%3D.2.c,10235
715057,NA,http://scontent.cdninstagram.com/t51.2885-15/s480x480/e35/12345687_1515389892122281_1455421630_n.jpg?ig_cache_key=MTE0MTM4MDE2NDc3MzgwNzg4MA%3D%3D.2,3252
1155961,NA,http://scontent.cdninstagram.com/t51.2885-15/s480x480/e35/c135.0.810.810/12346184_768936303212293_240828462_n.jpg?ig_cache_key=MTE0MDgzNjA2NTg4NDgzMzUwNg%3D%3D.2.c,9665
1009543,NA,http://scontent.cdninstagram.com/t51.2885-15/s480x480/e35/12357853_922741127775414_322081938_n.jpg?ig_cache_key=MTE0MDY0MzQ4MjI0NDAyNDA5MA%3D%3D.2,11789
654556,NA,http://scontent.cdninstagram.com/t51.2885-15/s480x480/e35/12346101_1658159174471523_1511879495_n.jpg?ig_cache_key=MTE0MDEwNzg5MDI1MDgxMTI4MQ%3D%3D.2,3150
738601,NA,http://scontent.cdninstagram.com/t51.2885-15/s480x480/e35/12292783_1531502807166409_2015494020_n.jpg?ig_cache_key=MTEzOTg1MTU2NzUwODU1NDc1NA%3D%3D.2,4534
1061060,NA,http://scontent.cdninstagram.com/t51.2885-15/s480x480/e35/12338757_971706906236008_230656547_n.jpg?ig_cache_key=MTEzOTM3ODQzMjYwMjYwNTU1Nw%3D%3D.2,6661
950356,NA,http://scontent.cdninstagram.com/t51.2885-15/s480x480/e35/12362145_457326941130123_204945960_n.jpg?ig_cache_key=MTEzODY1NTgzNzgwODgyMjI1OQ%3D%3D.2,5887
782876,NA,http://scontent.cdninstagram.com/t51.2885-15/s480x480/e35/12328322_628219187320966_2119986313_n.jpg?ig_cache_key=MTEzODUwNTU5NDc4NjA4ODA2MA%3D%3D.2,4116
690876,NA,http://scontent.cdninstagram.com/t51.2885-15/s480x480/e35/12362575_980060902050158_116624099_n.jpg?ig_cache_key=MTEzNzk2MjEzODk0MjYzNzIwOQ%3D%3D.2,4491
1017404,NA,http://scontent.cdninstagram.com/t51.2885-15/s480x480/e35/12357285_542059579287182_1364035962_n.jpg?ig_cache_key=MTEzNzc1MjYzODI4OTY3NTQzMQ%3D%3D.2,5997
575673,NA,http://scontent.cdninstagram.com/t51.2885-15/s480x480/e35/c0.100.800.800/12237121_776981605781440_759344727_n.jpg?ig_cache_key=MTEzNzIwOTk5MjQwODI3MDQxOQ%3D%3D.2.c,4756
778246,NA,http://scontent.cdninstagram.com/t51.2885-15/s480x480/e35/c0.135.1080.1080/12224638_191723294505079_1017363487_n.jpg?ig_cache_key=MTEzNzA0MzA2ODg5ODU3NTUzNA%3D%3D.2.c,5319
708052,NA,http://scontent.cdninstagram.com/t51.2885-15/s480x480/e35/12331647_922177407819305_1777084587_n.jpg?ig_cache_key=MTEzNjUwNDc4MDQwNDA5ODUwNg%3D%3D.2,4044
764952,NA,http://scontent.cdninstagram.com/t51.2885-15/s480x480/e35/12331730_1498831377112898_1888758591_n.jpg?ig_cache_key=MTEzNjMwMDI2ODc1ODMwNDE0Mw%3D%3D.2,8060
803473,NA,http://scontent.cdninstagram.com/t51.2885-15/s480x480/e35/12298959_1175207409173424_1828775349_n.jpg?ig_cache_key=MTEzNTc2MTU3NDc3NTI5MzA5OA%3D%3D.2,3837
674207,NA,http://scontent.cdninstagram.com/t51.2885-15/s480x480/e35/12299005_1707180096167730_190716742_n.jpg?ig_cache_key=MTEzNTAzMTg2Nzk1MTg3NTg5Mw%3D%3D.2,3995
739547,NA,http://scontent.cdninstagram.com/t51.2885-15/s480x480/e35/12353251_438607916328717_1238459481_n.jpg?ig_cache_key=MTEzNDg2MjYxMzQ0OTM0NDA5Mg%3D%3D.2,4721
633683,NA,http://scontent.cdninstagram.com/t51.2885-15/s480x480/e35/c0.135.1080.1080/12357422_532949433531767_1389732198_n.jpg?ig_cache_key=MTEzNDMxMTQzMzkyOTI5NTg2MA%3D%3D.2.c,3975
630555,NA,http://scontent.cdninstagram.com/t51.2885-15/s480x480/e35/12328324_1677298029180304_1378608265_n.jpg?ig_cache_key=MTEzMzU4NTcxNDYxMzkxMzA0OA%3D%3D.2,2989
780860,NA,http://scontent.cdninstagram.com/t51.2885-15/s480x480/e35/12301315_1660518827551758_1574271747_n.jpg?ig_cache_key=MTEzMjg4MjM5MzcxMjM2MjgwMg%3D%3D.2,3209
749493,NA,http://scontent.cdninstagram.com/t51.2885-15/s480x480/e35/c108.0.864.864/12345705_978049338935495_1269015971_n.jpg?ig_cache_key=MTEzMjY4MzA0MDY0MTA1ODcwMg%3D%3D.2.c,7541
712895,NA,http://scontent.cdninstagram.com/t51.2885-15/s480x480/e35/c0.135.1080.1080/12298860_1114066765290711_1788794648_n.jpg?ig_cache_key=MTEzMjEzNzE4Mzc0MzExNzE2NA%3D%3D.2.c,3313
897668,NA,http://scontent.cdninstagram.com/t51.2885-15/s480x480/e35/c0.117.938.938/12331530_1527787740870322_1459688584_n.jpg?ig_cache_key=MTEzMTk1Nzg4NzkyNTgxNDM0Nw%3D%3D.2.c,6611
625856,NA,http://scontent.cdninstagram.com/t51.2885-15/s480x480/e35/12331618_1659130787660466_301170567_n.jpg?ig_cache_key=MTEzMTUyMzE2NDI0NjE4MTUyMQ%3D%3D.2,5040
739708,NA,http://scontent.cdninstagram.com/t51.2885-15/s480x480/e35/12256619_557493061074533_1781988780_n.jpg?ig_cache_key=MTEzMTQzOTEzMzAwOTcwODgyNA%3D%3D.2,3897
714732,NA,http://scontent.cdninstagram.com/t51.2885-15/s480x480/e35/12346036_429844940539860_1636882460_n.jpg?ig_cache_key=MTEzMTIyOTkwNTYxNTY1MjIzMA%3D%3D.2,10443
732412,NA,http://scontent.cdninstagram.com/t51.2885-15/s480x480/e35/12331574_169194296767386_187522243_n.jpg?ig_cache_key=MTEzMDY4MjgzMzY5NDk1MDkzNQ%3D%3D.2,3445
959565,NA,http://scontent.cdninstagram.com/t51.2885-15/s480x480/e35/12292667_436687606533933_2021857660_n.jpg?ig_cache_key=MTEzMDQ5NjIyMjgzNTMxMjI4NQ%3D%3D.2,5746
608552,NA,http://scontent.cdninstagram.com/t51.2885-15/s480x480/e35/12230864_1689268504687399_920815362_n.jpg?ig_cache_key=MTEyOTk3ODk2MTQ0Mzc1MTA1NA%3D%3D.2,2805
772166,NA,http://scontent.cdninstagram.com/t51.2885-15/s480x480/e35/c166.0.667.667/11421857_199663447035232_2030190602_n.jpg?ig_cache_key=MTEyOTIzMzA0MzA2NDk0ODA2NA%3D%3D.2.c,3865
1437749,NA,http://scontent.cdninstagram.com/t51.2885-15/s480x480/e35/12292877_1645930425687852_825117220_n.jpg?ig_cache_key=MTEyOTA1MzA4NDA2OTQ2MzM4MQ%3D%3D.2,29575
853460,NA,http://scontent.cdninstagram.com/t51.2885-15/s480x480/e35/12292806_1659421797642072_264029692_n.jpg?ig_cache_key=MTEyODUxMjY0NTE0NjkzNzI2Mg%3D%3D.2,4027
745452,NA,http://scontent.cdninstagram.com/t51.2885-15/s480x480/e35/12269787_1003775889690255_1039688825_n.jpg?ig_cache_key=MTEyNzYxMjk0MzMwODIyODM5Mg%3D%3D.2,4289
752194,NA,http://scontent.cdninstagram.com/t51.2885-15/s480x480/e35/12301416_855648747889404_1852916307_n.jpg?ig_cache_key=MTEyNzE2NDk1ODE3MDQ4MjYwNA%3D%3D.2,2976
887545,NA,http://scontent.cdninstagram.com/t51.2885-15/s480x480/e35/c0.135.1080.1080/12237471_170064613346050_285771443_n.jpg?ig_cache_key=MTEyNzAyNDAwNDE4MDU0MzIxOQ%3D%3D.2.c,3695
1029662,NA,http://scontent.cdninstagram.com/t51.2885-15/s480x480/e35/12301174_986571068053199_532485603_n.jpg?ig_cache_key=MTEyNjM0OTE3NzM1MDMyNTg1OA%3D%3D.2,6439
611248,NA,http://scontent.cdninstagram.com/t51.2885-15/s480x480/e35/12301149_1668013206805261_275770944_n.jpg?ig_cache_key=MTEyNjE1OTA3NDEzNzAxNTQ4MQ%3D%3D.2,3101
782272,NA,http://scontent.cdninstagram.com/t51.2885-15/s480x480/e35/11349452_1682012012040841_911077743_n.jpg?ig_cache_key=MTEyNTYxOTYwNzg3MzU4NzEzMA%3D%3D.2,3368
989883,NA,http://scontent.cdninstagram.com/t51.2885-15/s480x480/e35/12256782_1716351235262804_1047680705_n.jpg?ig_cache_key=MTEyNTQyNTI3MzQxMjg0NzE4NA%3D%3D.2,8713
642701,NA,http://scontent.cdninstagram.com/t51.2885-15/s480x480/e35/12298810_450617591729818_830226217_n.jpg?ig_cache_key=MTEyNDg5MjY4MDI4ODI3NDQwMA%3D%3D.2,2910
826193,NA,http://scontent.cdninstagram.com/t51.2885-15/s480x480/e35/12298870_1689648887939621_883018891_n.jpg?ig_cache_key=MTEyNDcwNzUzNzExNjI2ODU0MQ%3D%3D.2,4825
831149,NA,http://scontent.cdninstagram.com/t51.2885-15/s480x480/e35/11917945_327388324098317_2038627448_n.jpg?ig_cache_key=MTEyNDE2MTMwNTM5MDE1NTA0Mw%3D%3D.2,4267
924374,NA,http://scontent.cdninstagram.com/t51.2885-15/s480x480/e35/12237102_937347343023614_1318393805_n.jpg?ig_cache_key=MTEyMzk3OTcyODkxMTY2NTA2OQ%3D%3D.2,3818
1200310,NA,http://scontent.cdninstagram.com/t51.2885-15/s480x480/e35/12277578_629276167212981_1121344529_n.jpg?ig_cache_key=MTEyMzQyNjg1MDg0OTQ5MDg1Ng%3D%3D.2,8126
648658,NA,http://scontent.cdninstagram.com/t51.2885-15/s480x480/e35/c125.0.500.500/12224614_1056455914398753_950959839_n.jpg?ig_cache_key=MTEyMzI2NDI1MTQyMzk1MDQyNA%3D%3D.2.c,2759
781886,NA,http://scontent.cdninstagram.com/t51.2885-15/s480x480/e35/c179.0.721.721/11899573_1649907058624348_239449282_n.jpg?ig_cache_key=MTEyMjcxNDIwNDQ3NTAzMzM1OA%3D%3D.2.c,3790
945790,NA,http://scontent.cdninstagram.com/t51.2885-15/s480x480/e35/12224485_930335960352865_643410881_n.jpg?ig_cache_key=MTEyMjU0Mzc3MDYyNjQ5MTcwNA%3D%3D.2,4670
831257,NA,http://scontent.cdninstagram.com/t51.2885-15/s480x480/e35/12071092_1675647439385861_19641282_n.jpg?ig_cache_key=MTEyMTk5MzA4NTgwNzgyMjE3OA%3D%3D.2,3960
578996,NA,http://scontent.cdninstagram.com/t51.2885-15/s480x480/e35/12230959_533694023462124_1019061762_n.jpg?ig_cache_key=MTEyMTgyNDg3MTU0MzAxNDczNg%3D%3D.2,2362
710321,NA,http://scontent.cdninstagram.com/t51.2885-15/s480x480/e35/11848860_1097208553645278_1846315564_n.jpg?ig_cache_key=MTEyMTI3MDkyNDMyNzU4NTExMg%3D%3D.2,5455
829972,NA,http://scontent.cdninstagram.com/t51.2885-15/s480x480/e35/c180.0.719.719/12237312_1523957134590959_1135685313_n.jpg?ig_cache_key=MTEyMTA4NTY0MTUxODgxMDk4OA%3D%3D.2.c,3752
771585,NA,http://scontent.cdninstagram.com/t51.2885-15/s480x480/e35/12270004_428267400696725_618478335_n.jpg?ig_cache_key=MTEyMDU0MTA4NjE4MDUwOTM3NA%3D%3D.2,4691
874337,NA,http://scontent.cdninstagram.com/t51.2885-15/s480x480/e35/11939357_478835758963006_1378720654_n.jpg?ig_cache_key=MTEyMDM1MjMxMjMzNTA3NTA0Nw%3D%3D.2,11305
654992,NA,http://scontent.cdninstagram.com/t51.2885-15/s480x480/e35/12256675_1484004411908766_1328503765_n.jpg?ig_cache_key=MTExOTg2NTAyMjk2MTc0NzUxNw%3D%3D.2,2751
707688,NA,http://scontent.cdninstagram.com/t51.2885-15/s480x480/e35/c135.0.810.810/12269734_542981292515929_2046348918_n.jpg?ig_cache_key=MTExOTYzMzYxNDk5NzYyMDQ1MA%3D%3D.2.c,3215
625309,NA,http://scontent.cdninstagram.com/t51.2885-15/s480x480/e35/12237105_1502696116725222_871099825_n.jpg?ig_cache_key=MTExOTA5Mzc2MDcxMDczOTcwMA%3D%3D.2,3708
899279,NA,http://scontent.cdninstagram.com/t51.2885-15/s480x480/e35/12256720_1648135892112513_706202415_n.jpg?ig_cache_key=MTExODkyNzgyMTU1Mzg2MTk1MQ%3D%3D.2,4516
886477,NA,http://scontent.cdninstagram.com/t51.2885-15/s480x480/e35/1922368_883550281736700_1814189939_n.jpg?ig_cache_key=MTExODM2OTcxMTk5NTAyODU3Mw%3D%3D.2,4414
836700,NA,http://scontent.cdninstagram.com/t51.2885-15/s480x480/e35/11374395_416518971885852_1733802388_n.jpg?ig_cache_key=MTExODE5OTI4NDMyODg5MjIxMA%3D%3D.2,5550
1560721,NA,http://scontent.cdninstagram.com/t51.2885-15/s480x480/e35/12093577_1003358063056243_201174169_n.jpg?ig_cache_key=MTExNzcwMTQwMDQwMzcwNzMwOQ%3D%3D.2,16966
431762,NA,http://scontent.cdninstagram.com/t51.2885-15/s480x480/e35/11939317_1644200892498335_2042900708_n.jpg?ig_cache_key=MTExNzYzODgwNTE4OTYyNTgzOA%3D%3D.2,1874
733521,NA,http://scontent.cdninstagram.com/t51.2885-15/s480x480/e35/c179.0.721.721/11420803_1031691260184830_1039334225_n.jpg?ig_cache_key=MTExNzQ2NDM4NjI5MDkxMDg5NQ%3D%3D.2.c,3867
933428,NA,http://scontent.cdninstagram.com/t51.2885-15/s480x480/e35/12237379_886332781481192_2095088393_n.jpg?ig_cache_key=MTExNjkyNDYwNDEyOTI4MTA2OA%3D%3D.2,4518
654607,NA,http://scontent.cdninstagram.com/t51.2885-15/s480x480/e35/12063283_940068456073726_757223854_n.jpg?ig_cache_key=MTExNjczMjY1MzcyNzcxMjQ1Mg%3D%3D.2,3412
788703,NA,http://scontent.cdninstagram.com/t51.2885-15/s480x480/e35/12106274_468133696699704_1583258999_n.jpg?ig_cache_key=MTExNjIxNDM1NTk0ODc5OTExNw%3D%3D.2,2999
871044,NA,http://scontent.cdninstagram.com/t51.2885-15/s480x480/e35/12139794_1646767928908353_770845291_n.jpg?ig_cache_key=MTExNjAwODA3ODc2MTA2ODIxOA%3D%3D.2,4308
1099631,NA,http://scontent.cdninstagram.com/t51.2885-15/s480x480/e35/11925842_944398695615270_1494200110_n.jpg?ig_cache_key=MTExNTI3Mjc1NTU0NjQ5MDE5Ng%3D%3D.2,23889
519526,NA,http://scontent.cdninstagram.com/t51.2885-15/s480x480/e35/11934705_1685087938393074_1662827306_n.jpg?ig_cache_key=MTExNDczNDk5NzIzNzIwNDQ1NQ%3D%3D.2,2721
749084,NA,http://scontent.cdninstagram.com/t51.2885-15/s480x480/e35/c3.0.633.633/10852613_434360483441178_959497574_n.jpg?ig_cache_key=MTExNDU1MjY2NTc2NzIxNzA2OQ%3D%3D.2.c,3551
649737,NA,http://scontent.cdninstagram.com/t51.2885-15/s480x480/e35/c0.135.1080.1080/11931270_203845726614188_1585617560_n.jpg?ig_cache_key=MTExNDAxMzQwODc5MTE2ODkzMQ%3D%3D.2.c,4327
900744,NA,http://scontent.cdninstagram.com/t51.2885-15/s480x480/e35/11849113_905014182868993_1299649400_n.jpg?ig_cache_key=MTExMzg1OTI3OTEzMzQxMDkyOA%3D%3D.2,5904
598557,NA,http://scontent.cdninstagram.com/t51.2885-15/s480x480/e35/11430355_1709809332575927_434942897_n.jpg?ig_cache_key=MTExMzI4OTc0NzcxMzAzNDE4Mw%3D%3D.2,3739
